5d6435759cc7416c8fb1e99717644488,8141c00c942941cb9782747328ba38c2,1996-06-18
3ad5ae3241fe4761a1cc1abe7202780a,77afcd76ec584c22b737946700516a34,2005-09-05
6d633dde80e74a6883bb5d45dcb5432b,21c8abbb3a1147bcbffd655492201919,2003-06-06
8141c00c942941cb9782747328ba38c2,62748f79867d4c1daec86ebd027f8713,1999-03-18
186bf50cbb714b05b42ef061ff2dc930,a6abdfaa51f44c78af4de9182e4d48f9,2017-01-23
de353dee98394bc88a791a055600ee38,4df92775589a4687beaac5bb3fdb3b63,1987-03-22
ef17572876464d1c996025f7aced77c8,4df92775589a4687beaac5bb3fdb3b63,2000-02-08
57a158d4a0184c9aa594b546f6465037,1f47afd1d0a84b0fba6ebc1ff6d8395b,1998-09-22
212c173e27504e61a2ce7f781d2a2167,09a6763e89334573ab9e3040b845b475,2018-11-16
9a5f1ddc106343ab9291a1507f75dc7c,8632c11ff8184ba98b3b89228121feef,1998-11-19
ef4742c7860048a9a023081b7122a8d1,f4deffbd9aa5429db69581f8132f848e,1984-08-29
84717e3407024643b9767ad08b5f7811,b914a6cc07b1434a834b6487538723f2,1980-01-08
112afccdffb54134980718d8ef52cb1b,841163f61f164011ada98f4cd322a030,1994-06-10
0956d6b88b844c9ab4a71468fe9e9949,b4d6716cad874a8ab62a1ccd43c3202a,1991-07-24
aca8b4078c4340379ece6574196a89da,ee6d07fd60124fab8aca2e3a15a3f0ef,2019-06-18
60c81491f37841a0ae512b483bb06958,fdb2ffed4c8c48579f5bbeb270cc1e9c,2017-07-19
46c37a242aec4248b1e05f944ba98c09,1cc27d1d22a6475aa911a29a9eb1918f,2015-01-01
de353dee98394bc88a791a055600ee38,186bf50cbb714b05b42ef061ff2dc930,2017-08-06
02b379d3f1f84357af448b71a7b704a0,487bb08bfb8d431ebd5c8064dc2e79c9,1973-01-05
4df92775589a4687beaac5bb3fdb3b63,fbb2fe625b814ce58b4af48264897828,1974-11-01
747eab258134412f8a4ab8e678ceb357,83db26ab6b62431eac2b277c2f4ff17e,1984-06-29
c2ab8868f58c4516b1013d2d64510b57,fbb2fe625b814ce58b4af48264897828,2000-02-15
3ad5ae3241fe4761a1cc1abe7202780a,2f5cff69b02d473ab8ae25a60a81a80f,2015-07-03
38c68b893a934d96a06b1399dc690b4a,bcd8bc351cec44a791b458502483a367,1992-03-10
63414b9f99904f02bd194e4ed8b5368f,4accac8271f449cb93fc0a9125bf31ff,2011-03-22
70d03a7954a741d096db308e54646311,ef4742c7860048a9a023081b7122a8d1,1991-11-21
747eab258134412f8a4ab8e678ceb357,ff96b049280f4a70b62d25500704e5cf,1996-07-25
4accac8271f449cb93fc0a9125bf31ff,a6abdfaa51f44c78af4de9182e4d48f9,2003-03-05
9a61ad083ab1406e96967c21a6bea695,b0de7ddf2a7e4abaa939697ac80496f4,2007-01-10
3deef25e2e6f4605b9e0f607ea404ebb,62748f79867d4c1daec86ebd027f8713,1992-07-30
841163f61f164011ada98f4cd322a030,c68c9e1ce5834a75a8d5d76826440673,1970-11-25
66f6f6aa3a434eef870c3b0824cb5109,212c173e27504e61a2ce7f781d2a2167,2010-08-26
9a5f1ddc106343ab9291a1507f75dc7c,6c9e9bffbcda45b6b2e1bffb54517fc5,1991-05-02
ff96b049280f4a70b62d25500704e5cf,5d6435759cc7416c8fb1e99717644488,1973-08-01
be1258f9219c4c93b66f206088594146,c39a9acc7ba641a8aa23b0f3e85c3d29,1983-11-08
84717e3407024643b9767ad08b5f7811,aca8b4078c4340379ece6574196a89da,2012-05-20
b914a6cc07b1434a834b6487538723f2,4df92775589a4687beaac5bb3fdb3b63,2018-07-07
83db26ab6b62431eac2b277c2f4ff17e,85f5aac4bf01469a8d1ef5a03f195ead,2015-05-05
3ad5ae3241fe4761a1cc1abe7202780a,30a9e73155a84674896d0bc8deb80e9a,2018-11-29
841163f61f164011ada98f4cd322a030,bcd8bc351cec44a791b458502483a367,1986-05-31
c39a9acc7ba641a8aa23b0f3e85c3d29,62748f79867d4c1daec86ebd027f8713,2009-10-21
70d03a7954a741d096db308e54646311,7a91ecfc0b64421d848a5491bc6e8636,2007-08-05
62748f79867d4c1daec86ebd027f8713,7764b29b0f1142b3afc9bdd915f60dfc,2001-02-24
598dc6d23ecf4addbfacd7fe600ed1a4,0956d6b88b844c9ab4a71468fe9e9949,1974-12-17
70d03a7954a741d096db308e54646311,ef17572876464d1c996025f7aced77c8,2006-09-29
0956d6b88b844c9ab4a71468fe9e9949,be1258f9219c4c93b66f206088594146,1989-02-28
9a5f1ddc106343ab9291a1507f75dc7c,112afccdffb54134980718d8ef52cb1b,1999-03-09
15ed127c932844c0ae8c0337c5f1be15,bcd8bc351cec44a791b458502483a367,1973-07-17
bcd8bc351cec44a791b458502483a367,3157053419d944358553f45089d6bc0d,1993-03-31
915002e1e62443ca87a39fbf473611ef,60c81491f37841a0ae512b483bb06958,2017-07-10
2f5cff69b02d473ab8ae25a60a81a80f,9ef75f425d2742518cbe975ae1c8b730,2003-11-05
d585e66f5320454583fa4b6840a7ab4f,16abef5f405141af931787327b47c034,2003-03-01
8141c00c942941cb9782747328ba38c2,4accac8271f449cb93fc0a9125bf31ff,1989-03-07
cab1a79ea19c43978451504a37dcdbb9,686027b9fc7b4d8782768cca9cd047a1,1985-05-05
c2ab8868f58c4516b1013d2d64510b57,cab1a79ea19c43978451504a37dcdbb9,2013-07-05
598dc6d23ecf4addbfacd7fe600ed1a4,8174ca21f93e4d55a4c50b06055d1ef7,1989-08-16
0920d37a891b4bcba41f5eecb9180652,9b775bcb3f2e4819944de2208337b61a,1993-11-03
5d6435759cc7416c8fb1e99717644488,747eab258134412f8a4ab8e678ceb357,1989-05-02
598dc6d23ecf4addbfacd7fe600ed1a4,f786f16c47a84864964452ff56c4465a,2000-03-07
36a6491e23234f308f68109ced927093,57a158d4a0184c9aa594b546f6465037,1982-10-12
6c9e9bffbcda45b6b2e1bffb54517fc5,b914a6cc07b1434a834b6487538723f2,1983-10-27
4df92775589a4687beaac5bb3fdb3b63,3ad5ae3241fe4761a1cc1abe7202780a,1975-02-25
77afcd76ec584c22b737946700516a34,97fbc042fb4b40378c2eb75e983d2e2b,2002-05-12
b9833561e874497e97e32e7354dea8ea,1f47afd1d0a84b0fba6ebc1ff6d8395b,2011-11-26
1e8c1f3dac9f4279ae64fc5ed4d10f4c,4fd948375e7a441f882f7a57196612c6,1987-03-02
ee6d07fd60124fab8aca2e3a15a3f0ef,5c311e79a45f48c2a746ff66884489da,2019-09-25
b9833561e874497e97e32e7354dea8ea,97fbc042fb4b40378c2eb75e983d2e2b,1975-07-29
9ef75f425d2742518cbe975ae1c8b730,84717e3407024643b9767ad08b5f7811,1989-11-17
66f6f6aa3a434eef870c3b0824cb5109,b4d6716cad874a8ab62a1ccd43c3202a,2006-08-07
16abef5f405141af931787327b47c034,686027b9fc7b4d8782768cca9cd047a1,2014-06-15
7d066653263a4eec81846a7e78765ed1,d39bfd53c97f483e8484326639ecbe49,1973-02-11
8632c11ff8184ba98b3b89228121feef,598dc6d23ecf4addbfacd7fe600ed1a4,2019-03-09
3fd2a295be874aa7a96e040b9e9aece6,62748f79867d4c1daec86ebd027f8713,1993-05-30
1e8c1f3dac9f4279ae64fc5ed4d10f4c,8141c00c942941cb9782747328ba38c2,1975-03-18
8632c11ff8184ba98b3b89228121feef,95b9500fa40d488b82dbc9d1701cb98a,1985-12-16
2f5cff69b02d473ab8ae25a60a81a80f,97fbc042fb4b40378c2eb75e983d2e2b,1979-10-09
834d0f0434474c408a64c062750b2c9e,915002e1e62443ca87a39fbf473611ef,1998-06-24
cab1a79ea19c43978451504a37dcdbb9,30a9e73155a84674896d0bc8deb80e9a,1973-05-12
a15d69138144485bbfb2c9577ee0bf1d,9b775bcb3f2e4819944de2208337b61a,1980-11-07
c68c9e1ce5834a75a8d5d76826440673,ff96b049280f4a70b62d25500704e5cf,2009-04-20
30a9e73155a84674896d0bc8deb80e9a,5c311e79a45f48c2a746ff66884489da,2011-01-20
8174ca21f93e4d55a4c50b06055d1ef7,747eab258134412f8a4ab8e678ceb357,2017-11-12
d585e66f5320454583fa4b6840a7ab4f,6c9e9bffbcda45b6b2e1bffb54517fc5,1975-02-19
7764b29b0f1142b3afc9bdd915f60dfc,04bc576582004ce78db26a10fc7be96b,1980-04-09
1cc27d1d22a6475aa911a29a9eb1918f,9a5f1ddc106343ab9291a1507f75dc7c,1999-01-08
be1258f9219c4c93b66f206088594146,112afccdffb54134980718d8ef52cb1b,1997-03-28
63414b9f99904f02bd194e4ed8b5368f,387a31b2f7b1463bb034342a0b74ba0b,2003-03-22
7d066653263a4eec81846a7e78765ed1,9a5f1ddc106343ab9291a1507f75dc7c,2005-02-14
21c8abbb3a1147bcbffd655492201919,5d6435759cc7416c8fb1e99717644488,1970-03-06
62748f79867d4c1daec86ebd027f8713,5c311e79a45f48c2a746ff66884489da,2017-04-01
a6abdfaa51f44c78af4de9182e4d48f9,c24bfbb72997496aa4b2c071441f2510,2016-07-01
a15d69138144485bbfb2c9577ee0bf1d,6c9e9bffbcda45b6b2e1bffb54517fc5,1971-07-29
ef4742c7860048a9a023081b7122a8d1,6d633dde80e74a6883bb5d45dcb5432b,2001-12-15
aca8b4078c4340379ece6574196a89da,16abef5f405141af931787327b47c034,1991-03-25
cab1a79ea19c43978451504a37dcdbb9,8632c11ff8184ba98b3b89228121feef,1978-01-21
40f6921a00b044e99bff1190013816c9,b9833561e874497e97e32e7354dea8ea,1998-11-16
72981bbb5c534edc856461b5c44c2c85,15ed127c932844c0ae8c0337c5f1be15,1977-02-27
0920d37a891b4bcba41f5eecb9180652,ef4742c7860048a9a023081b7122a8d1,2007-11-01
5d6435759cc7416c8fb1e99717644488,b9833561e874497e97e32e7354dea8ea,1988-11-11
f4deffbd9aa5429db69581f8132f848e,38c68b893a934d96a06b1399dc690b4a,2002-05-03
c24bfbb72997496aa4b2c071441f2510,e8ba82d45b6d46d5b192e31e3aeaa77e,1972-11-03
b9833561e874497e97e32e7354dea8ea,7d066653263a4eec81846a7e78765ed1,1970-11-21
aca8b4078c4340379ece6574196a89da,686027b9fc7b4d8782768cca9cd047a1,2013-03-03
84717e3407024643b9767ad08b5f7811,c39a9acc7ba641a8aa23b0f3e85c3d29,1970-12-06
186bf50cbb714b05b42ef061ff2dc930,bcd8bc351cec44a791b458502483a367,1971-08-18
5c311e79a45f48c2a746ff66884489da,0920d37a891b4bcba41f5eecb9180652,1992-07-21
e5e482d5d5eb40d1a8c26d50ee8232b9,bcd8bc351cec44a791b458502483a367,2017-08-14
3a80b85e7f7f413faafb0c576f898b98,747eab258134412f8a4ab8e678ceb357,1973-07-17
46c37a242aec4248b1e05f944ba98c09,915002e1e62443ca87a39fbf473611ef,1983-05-18
6d633dde80e74a6883bb5d45dcb5432b,46c37a242aec4248b1e05f944ba98c09,2011-06-19
4accac8271f449cb93fc0a9125bf31ff,7a91ecfc0b64421d848a5491bc6e8636,2017-11-01
15ed127c932844c0ae8c0337c5f1be15,fbb2fe625b814ce58b4af48264897828,2015-06-14
9a5f1ddc106343ab9291a1507f75dc7c,aca8b4078c4340379ece6574196a89da,2014-11-08
a15d69138144485bbfb2c9577ee0bf1d,1e8c1f3dac9f4279ae64fc5ed4d10f4c,1973-02-04
9a5f1ddc106343ab9291a1507f75dc7c,387a31b2f7b1463bb034342a0b74ba0b,2003-12-14
915002e1e62443ca87a39fbf473611ef,9a5f1ddc106343ab9291a1507f75dc7c,1971-08-26
be1258f9219c4c93b66f206088594146,a973e2fae2764704b5d1ee773e4ec179,2006-09-25
186bf50cbb714b05b42ef061ff2dc930,32ba849ad5aa499d94304f7d8c606d0a,2013-04-22
5d6435759cc7416c8fb1e99717644488,62748f79867d4c1daec86ebd027f8713,1988-01-17
8141c00c942941cb9782747328ba38c2,77afcd76ec584c22b737946700516a34,1977-03-19
1f47afd1d0a84b0fba6ebc1ff6d8395b,a973e2fae2764704b5d1ee773e4ec179,2013-10-30
40f6921a00b044e99bff1190013816c9,ee6d07fd60124fab8aca2e3a15a3f0ef,1992-12-31
387a31b2f7b1463bb034342a0b74ba0b,f786f16c47a84864964452ff56c4465a,2017-11-03
a15d69138144485bbfb2c9577ee0bf1d,f786f16c47a84864964452ff56c4465a,2010-02-14
5d6435759cc7416c8fb1e99717644488,66f6f6aa3a434eef870c3b0824cb5109,2016-03-03
841163f61f164011ada98f4cd322a030,9a61ad083ab1406e96967c21a6bea695,1974-05-24
45650ef8b37449d3ab5c4c2a09316c19,77afcd76ec584c22b737946700516a34,2019-11-10
de353dee98394bc88a791a055600ee38,686027b9fc7b4d8782768cca9cd047a1,1986-12-26
598dc6d23ecf4addbfacd7fe600ed1a4,4fd948375e7a441f882f7a57196612c6,1978-01-09
0956d6b88b844c9ab4a71468fe9e9949,4cd3eb7a075146be9add0f1019113b26,2017-06-01
387a31b2f7b1463bb034342a0b74ba0b,5c311e79a45f48c2a746ff66884489da,2014-03-09
fbb2fe625b814ce58b4af48264897828,97fbc042fb4b40378c2eb75e983d2e2b,2007-02-13
fbb2fe625b814ce58b4af48264897828,77afcd76ec584c22b737946700516a34,1985-10-03
6084d7e5fd974c5cb6b502fcceff5abc,70d03a7954a741d096db308e54646311,2014-11-20
21c8abbb3a1147bcbffd655492201919,b4d6716cad874a8ab62a1ccd43c3202a,1971-01-29
d585e66f5320454583fa4b6840a7ab4f,487bb08bfb8d431ebd5c8064dc2e79c9,1989-12-06
aca8b4078c4340379ece6574196a89da,fdb2ffed4c8c48579f5bbeb270cc1e9c,2020-05-09
487bb08bfb8d431ebd5c8064dc2e79c9,40f6921a00b044e99bff1190013816c9,2003-12-26
16abef5f405141af931787327b47c034,66f6f6aa3a434eef870c3b0824cb5109,2005-08-05
6084d7e5fd974c5cb6b502fcceff5abc,84717e3407024643b9767ad08b5f7811,1974-08-06
1e8c1f3dac9f4279ae64fc5ed4d10f4c,3deef25e2e6f4605b9e0f607ea404ebb,1984-02-04
c9d663d1380d4a28b3f2a1933b1d7232,fbb2fe625b814ce58b4af48264897828,2019-12-28
ef17572876464d1c996025f7aced77c8,4fd948375e7a441f882f7a57196612c6,1971-01-18
b0de7ddf2a7e4abaa939697ac80496f4,fdb2ffed4c8c48579f5bbeb270cc1e9c,2012-05-02
c39a9acc7ba641a8aa23b0f3e85c3d29,4accac8271f449cb93fc0a9125bf31ff,2012-10-02
3fd2a295be874aa7a96e040b9e9aece6,deaeeaa4dca449fb8553b4ac2b0c274d,1988-07-16
6600ac6bc58d4efa89fd0a172bff77dc,3157053419d944358553f45089d6bc0d,2000-11-01
60c81491f37841a0ae512b483bb06958,97fbc042fb4b40378c2eb75e983d2e2b,1981-06-06
be1258f9219c4c93b66f206088594146,cab1a79ea19c43978451504a37dcdbb9,2013-10-10
de353dee98394bc88a791a055600ee38,a15d69138144485bbfb2c9577ee0bf1d,1986-08-17
ee6d07fd60124fab8aca2e3a15a3f0ef,2b11273103564b9187a43df5ef300b5a,1993-02-25
112afccdffb54134980718d8ef52cb1b,0956d6b88b844c9ab4a71468fe9e9949,2011-05-01
02b379d3f1f84357af448b71a7b704a0,686027b9fc7b4d8782768cca9cd047a1,1975-12-26
747eab258134412f8a4ab8e678ceb357,ee6d07fd60124fab8aca2e3a15a3f0ef,1997-01-02
b0de7ddf2a7e4abaa939697ac80496f4,32ba849ad5aa499d94304f7d8c606d0a,1990-06-06
3deef25e2e6f4605b9e0f607ea404ebb,fbb2fe625b814ce58b4af48264897828,2010-09-05
83db26ab6b62431eac2b277c2f4ff17e,3fd2a295be874aa7a96e040b9e9aece6,1971-04-02
3a80b85e7f7f413faafb0c576f898b98,60c81491f37841a0ae512b483bb06958,2004-07-01
5c311e79a45f48c2a746ff66884489da,8632c11ff8184ba98b3b89228121feef,1999-09-07
3deef25e2e6f4605b9e0f607ea404ebb,97fbc042fb4b40378c2eb75e983d2e2b,1978-02-18
598dc6d23ecf4addbfacd7fe600ed1a4,63414b9f99904f02bd194e4ed8b5368f,2002-12-09
b9833561e874497e97e32e7354dea8ea,6084d7e5fd974c5cb6b502fcceff5abc,1971-08-10
66f6f6aa3a434eef870c3b0824cb5109,66f6f6aa3a434eef870c3b0824cb5109,1983-11-17
ef17572876464d1c996025f7aced77c8,62748f79867d4c1daec86ebd027f8713,1979-10-29
ee6d07fd60124fab8aca2e3a15a3f0ef,02b379d3f1f84357af448b71a7b704a0,1982-11-30
5d6435759cc7416c8fb1e99717644488,2b11273103564b9187a43df5ef300b5a,1987-11-25
85f5aac4bf01469a8d1ef5a03f195ead,ff96b049280f4a70b62d25500704e5cf,1990-03-10
8632c11ff8184ba98b3b89228121feef,cab1a79ea19c43978451504a37dcdbb9,1999-05-04
72981bbb5c534edc856461b5c44c2c85,38c68b893a934d96a06b1399dc690b4a,2007-01-25
be1258f9219c4c93b66f206088594146,9a5f1ddc106343ab9291a1507f75dc7c,1990-01-28
686027b9fc7b4d8782768cca9cd047a1,4df92775589a4687beaac5bb3fdb3b63,1975-07-05
4fd948375e7a441f882f7a57196612c6,3ad5ae3241fe4761a1cc1abe7202780a,2015-05-18
3ad5ae3241fe4761a1cc1abe7202780a,32ba849ad5aa499d94304f7d8c606d0a,1973-06-09
8632c11ff8184ba98b3b89228121feef,c39a9acc7ba641a8aa23b0f3e85c3d29,1978-07-26
ee6d07fd60124fab8aca2e3a15a3f0ef,c9d663d1380d4a28b3f2a1933b1d7232,2009-03-13
6600ac6bc58d4efa89fd0a172bff77dc,bcd8bc351cec44a791b458502483a367,1982-05-12
387a31b2f7b1463bb034342a0b74ba0b,b4d6716cad874a8ab62a1ccd43c3202a,1998-02-04
de353dee98394bc88a791a055600ee38,e8ba82d45b6d46d5b192e31e3aeaa77e,1984-02-20
a6abdfaa51f44c78af4de9182e4d48f9,02b379d3f1f84357af448b71a7b704a0,1988-08-12
ef4742c7860048a9a023081b7122a8d1,4df92775589a4687beaac5bb3fdb3b63,1971-07-10
fdb2ffed4c8c48579f5bbeb270cc1e9c,4df92775589a4687beaac5bb3fdb3b63,1994-09-23
ff96b049280f4a70b62d25500704e5cf,95b9500fa40d488b82dbc9d1701cb98a,2013-04-20
21c8abbb3a1147bcbffd655492201919,1e8c1f3dac9f4279ae64fc5ed4d10f4c,1982-03-18
a6abdfaa51f44c78af4de9182e4d48f9,cab1a79ea19c43978451504a37dcdbb9,2009-04-15
aca8b4078c4340379ece6574196a89da,ef4742c7860048a9a023081b7122a8d1,1971-06-03
2b11273103564b9187a43df5ef300b5a,4cd3eb7a075146be9add0f1019113b26,2007-07-16
212c173e27504e61a2ce7f781d2a2167,57a158d4a0184c9aa594b546f6465037,1982-09-26
fbb2fe625b814ce58b4af48264897828,15ed127c932844c0ae8c0337c5f1be15,1977-03-29
9a61ad083ab1406e96967c21a6bea695,32ba849ad5aa499d94304f7d8c606d0a,1975-01-22
09a6763e89334573ab9e3040b845b475,487bb08bfb8d431ebd5c8064dc2e79c9,1975-10-27
16abef5f405141af931787327b47c034,72981bbb5c534edc856461b5c44c2c85,1998-07-03
4fd948375e7a441f882f7a57196612c6,16abef5f405141af931787327b47c034,1994-06-06
e5e482d5d5eb40d1a8c26d50ee8232b9,fdb2ffed4c8c48579f5bbeb270cc1e9c,1994-01-04
60c81491f37841a0ae512b483bb06958,15ed127c932844c0ae8c0337c5f1be15,1971-08-11
d39bfd53c97f483e8484326639ecbe49,95b9500fa40d488b82dbc9d1701cb98a,2007-12-08
70d03a7954a741d096db308e54646311,02b379d3f1f84357af448b71a7b704a0,1980-06-05
a973e2fae2764704b5d1ee773e4ec179,b9833561e874497e97e32e7354dea8ea,1975-05-17
57a158d4a0184c9aa594b546f6465037,8141c00c942941cb9782747328ba38c2,2014-12-29
5c311e79a45f48c2a746ff66884489da,6d633dde80e74a6883bb5d45dcb5432b,2009-12-25
e8ba82d45b6d46d5b192e31e3aeaa77e,70d03a7954a741d096db308e54646311,2015-05-25
57a158d4a0184c9aa594b546f6465037,3deef25e2e6f4605b9e0f607ea404ebb,2015-10-08
0956d6b88b844c9ab4a71468fe9e9949,15ed127c932844c0ae8c0337c5f1be15,2009-02-19
598dc6d23ecf4addbfacd7fe600ed1a4,487bb08bfb8d431ebd5c8064dc2e79c9,2007-07-30
36a6491e23234f308f68109ced927093,40f6921a00b044e99bff1190013816c9,2018-07-23
3fd2a295be874aa7a96e040b9e9aece6,40f6921a00b044e99bff1190013816c9,2008-09-24
a6abdfaa51f44c78af4de9182e4d48f9,deaeeaa4dca449fb8553b4ac2b0c274d,2002-09-12
ef17572876464d1c996025f7aced77c8,cab1a79ea19c43978451504a37dcdbb9,1994-02-09
8174ca21f93e4d55a4c50b06055d1ef7,0956d6b88b844c9ab4a71468fe9e9949,1992-02-05
9ef75f425d2742518cbe975ae1c8b730,95b9500fa40d488b82dbc9d1701cb98a,2006-09-03
de353dee98394bc88a791a055600ee38,a6abdfaa51f44c78af4de9182e4d48f9,1985-04-03
1f47afd1d0a84b0fba6ebc1ff6d8395b,1f47afd1d0a84b0fba6ebc1ff6d8395b,1988-01-01
c9d663d1380d4a28b3f2a1933b1d7232,0956d6b88b844c9ab4a71468fe9e9949,2019-04-21
5d6435759cc7416c8fb1e99717644488,40f6921a00b044e99bff1190013816c9,2008-03-08
ee6d07fd60124fab8aca2e3a15a3f0ef,a973e2fae2764704b5d1ee773e4ec179,1989-01-28
841163f61f164011ada98f4cd322a030,5d6435759cc7416c8fb1e99717644488,2004-06-29
bcd8bc351cec44a791b458502483a367,9a61ad083ab1406e96967c21a6bea695,2014-01-12
ff96b049280f4a70b62d25500704e5cf,3157053419d944358553f45089d6bc0d,1981-07-13
4cd3eb7a075146be9add0f1019113b26,83db26ab6b62431eac2b277c2f4ff17e,2010-09-02
46c37a242aec4248b1e05f944ba98c09,62748f79867d4c1daec86ebd027f8713,1997-04-15
3157053419d944358553f45089d6bc0d,3ad5ae3241fe4761a1cc1abe7202780a,2013-07-23
6600ac6bc58d4efa89fd0a172bff77dc,8632c11ff8184ba98b3b89228121feef,1980-08-02
a6abdfaa51f44c78af4de9182e4d48f9,487bb08bfb8d431ebd5c8064dc2e79c9,2008-08-29
9a61ad083ab1406e96967c21a6bea695,b0de7ddf2a7e4abaa939697ac80496f4,1986-07-03
b0de7ddf2a7e4abaa939697ac80496f4,f786f16c47a84864964452ff56c4465a,2003-08-10
9b775bcb3f2e4819944de2208337b61a,a973e2fae2764704b5d1ee773e4ec179,1986-07-20
97fbc042fb4b40378c2eb75e983d2e2b,a973e2fae2764704b5d1ee773e4ec179,2017-03-20
aca8b4078c4340379ece6574196a89da,70d03a7954a741d096db308e54646311,1994-08-25
a973e2fae2764704b5d1ee773e4ec179,be1258f9219c4c93b66f206088594146,1994-07-10
40f6921a00b044e99bff1190013816c9,aca8b4078c4340379ece6574196a89da,2009-08-01
3a80b85e7f7f413faafb0c576f898b98,30a9e73155a84674896d0bc8deb80e9a,1992-02-05
747eab258134412f8a4ab8e678ceb357,b914a6cc07b1434a834b6487538723f2,2014-01-31
2b11273103564b9187a43df5ef300b5a,3157053419d944358553f45089d6bc0d,1998-12-25
a6abdfaa51f44c78af4de9182e4d48f9,b914a6cc07b1434a834b6487538723f2,2001-12-08
97fbc042fb4b40378c2eb75e983d2e2b,9a61ad083ab1406e96967c21a6bea695,2017-11-24
21c8abbb3a1147bcbffd655492201919,6084d7e5fd974c5cb6b502fcceff5abc,1989-02-21
6c9e9bffbcda45b6b2e1bffb54517fc5,e5e482d5d5eb40d1a8c26d50ee8232b9,1974-01-22
15ed127c932844c0ae8c0337c5f1be15,fdb2ffed4c8c48579f5bbeb270cc1e9c,1997-08-27
cab1a79ea19c43978451504a37dcdbb9,b4d6716cad874a8ab62a1ccd43c3202a,1970-10-01
fbb2fe625b814ce58b4af48264897828,ef17572876464d1c996025f7aced77c8,1998-10-06
b914a6cc07b1434a834b6487538723f2,6084d7e5fd974c5cb6b502fcceff5abc,1998-07-31
83db26ab6b62431eac2b277c2f4ff17e,ef17572876464d1c996025f7aced77c8,1983-11-11
15ed127c932844c0ae8c0337c5f1be15,9a5f1ddc106343ab9291a1507f75dc7c,1994-09-14
21c8abbb3a1147bcbffd655492201919,57a158d4a0184c9aa594b546f6465037,1976-03-22
57a158d4a0184c9aa594b546f6465037,d39bfd53c97f483e8484326639ecbe49,1992-10-24
5d6435759cc7416c8fb1e99717644488,09a6763e89334573ab9e3040b845b475,2003-01-29
3fd2a295be874aa7a96e040b9e9aece6,57a158d4a0184c9aa594b546f6465037,1978-09-28
66f6f6aa3a434eef870c3b0824cb5109,212c173e27504e61a2ce7f781d2a2167,1999-11-28
186bf50cbb714b05b42ef061ff2dc930,b4d6716cad874a8ab62a1ccd43c3202a,1975-03-01
ef4742c7860048a9a023081b7122a8d1,deaeeaa4dca449fb8553b4ac2b0c274d,2006-02-25
09a6763e89334573ab9e3040b845b475,04bc576582004ce78db26a10fc7be96b,1982-02-24
02b379d3f1f84357af448b71a7b704a0,112afccdffb54134980718d8ef52cb1b,1996-05-04
b0de7ddf2a7e4abaa939697ac80496f4,1e8c1f3dac9f4279ae64fc5ed4d10f4c,1977-05-02
46c37a242aec4248b1e05f944ba98c09,c24bfbb72997496aa4b2c071441f2510,1977-04-22
ef17572876464d1c996025f7aced77c8,85f5aac4bf01469a8d1ef5a03f195ead,1988-07-20
de353dee98394bc88a791a055600ee38,598dc6d23ecf4addbfacd7fe600ed1a4,2019-07-16
ff96b049280f4a70b62d25500704e5cf,6d633dde80e74a6883bb5d45dcb5432b,1980-03-24
5d6435759cc7416c8fb1e99717644488,bcd8bc351cec44a791b458502483a367,1979-01-01
ef17572876464d1c996025f7aced77c8,7764b29b0f1142b3afc9bdd915f60dfc,2010-05-29
5d6435759cc7416c8fb1e99717644488,387a31b2f7b1463bb034342a0b74ba0b,2000-01-15
38c68b893a934d96a06b1399dc690b4a,46c37a242aec4248b1e05f944ba98c09,2007-02-19
ee6d07fd60124fab8aca2e3a15a3f0ef,85f5aac4bf01469a8d1ef5a03f195ead,1993-09-02
66f6f6aa3a434eef870c3b0824cb5109,e8ba82d45b6d46d5b192e31e3aeaa77e,1983-10-25
1f47afd1d0a84b0fba6ebc1ff6d8395b,7d066653263a4eec81846a7e78765ed1,2001-06-16
c68c9e1ce5834a75a8d5d76826440673,6d633dde80e74a6883bb5d45dcb5432b,2016-10-08
c68c9e1ce5834a75a8d5d76826440673,40f6921a00b044e99bff1190013816c9,1991-01-04
7764b29b0f1142b3afc9bdd915f60dfc,57a158d4a0184c9aa594b546f6465037,1974-02-02
c9d663d1380d4a28b3f2a1933b1d7232,72981bbb5c534edc856461b5c44c2c85,1982-01-13
ff96b049280f4a70b62d25500704e5cf,fdb2ffed4c8c48579f5bbeb270cc1e9c,2010-11-24
16abef5f405141af931787327b47c034,85f5aac4bf01469a8d1ef5a03f195ead,2002-07-19
834d0f0434474c408a64c062750b2c9e,ff96b049280f4a70b62d25500704e5cf,1978-01-22
cab1a79ea19c43978451504a37dcdbb9,9ef75f425d2742518cbe975ae1c8b730,1978-10-12
7764b29b0f1142b3afc9bdd915f60dfc,6d633dde80e74a6883bb5d45dcb5432b,1989-04-05
b4d6716cad874a8ab62a1ccd43c3202a,70d03a7954a741d096db308e54646311,1975-11-11
15ed127c932844c0ae8c0337c5f1be15,4fd948375e7a441f882f7a57196612c6,2017-12-20
85f5aac4bf01469a8d1ef5a03f195ead,686027b9fc7b4d8782768cca9cd047a1,1971-01-17
387a31b2f7b1463bb034342a0b74ba0b,7d066653263a4eec81846a7e78765ed1,2015-02-26
09a6763e89334573ab9e3040b845b475,6600ac6bc58d4efa89fd0a172bff77dc,1990-10-27
4cd3eb7a075146be9add0f1019113b26,841163f61f164011ada98f4cd322a030,2016-12-13
95b9500fa40d488b82dbc9d1701cb98a,212c173e27504e61a2ce7f781d2a2167,2001-06-08
2b11273103564b9187a43df5ef300b5a,6084d7e5fd974c5cb6b502fcceff5abc,1971-01-03
915002e1e62443ca87a39fbf473611ef,40f6921a00b044e99bff1190013816c9,2004-06-07
57a158d4a0184c9aa594b546f6465037,57a158d4a0184c9aa594b546f6465037,2020-03-23
62748f79867d4c1daec86ebd027f8713,b4d6716cad874a8ab62a1ccd43c3202a,2012-12-08
bcd8bc351cec44a791b458502483a367,0956d6b88b844c9ab4a71468fe9e9949,2012-09-20
186bf50cbb714b05b42ef061ff2dc930,09a6763e89334573ab9e3040b845b475,1975-02-17
9a61ad083ab1406e96967c21a6bea695,6c9e9bffbcda45b6b2e1bffb54517fc5,2008-10-18
ff96b049280f4a70b62d25500704e5cf,686027b9fc7b4d8782768cca9cd047a1,1984-08-02
ef4742c7860048a9a023081b7122a8d1,0920d37a891b4bcba41f5eecb9180652,1970-08-20
841163f61f164011ada98f4cd322a030,40f6921a00b044e99bff1190013816c9,2000-03-04
15ed127c932844c0ae8c0337c5f1be15,6600ac6bc58d4efa89fd0a172bff77dc,1978-08-18
841163f61f164011ada98f4cd322a030,15ed127c932844c0ae8c0337c5f1be15,2002-01-15
5d6435759cc7416c8fb1e99717644488,63414b9f99904f02bd194e4ed8b5368f,1984-08-23
186bf50cbb714b05b42ef061ff2dc930,b9833561e874497e97e32e7354dea8ea,2001-01-09
4df92775589a4687beaac5bb3fdb3b63,6c9e9bffbcda45b6b2e1bffb54517fc5,1995-04-18
5d6435759cc7416c8fb1e99717644488,30a9e73155a84674896d0bc8deb80e9a,2019-02-23
4cd3eb7a075146be9add0f1019113b26,16abef5f405141af931787327b47c034,2017-12-06
be1258f9219c4c93b66f206088594146,a15d69138144485bbfb2c9577ee0bf1d,2020-03-09
57a158d4a0184c9aa594b546f6465037,d585e66f5320454583fa4b6840a7ab4f,1973-01-03
97fbc042fb4b40378c2eb75e983d2e2b,747eab258134412f8a4ab8e678ceb357,1989-08-19
ee6d07fd60124fab8aca2e3a15a3f0ef,ee6d07fd60124fab8aca2e3a15a3f0ef,1984-04-22
4df92775589a4687beaac5bb3fdb3b63,60c81491f37841a0ae512b483bb06958,2011-05-24
62748f79867d4c1daec86ebd027f8713,1e8c1f3dac9f4279ae64fc5ed4d10f4c,1972-01-04
46c37a242aec4248b1e05f944ba98c09,60c81491f37841a0ae512b483bb06958,2014-03-26
6c9e9bffbcda45b6b2e1bffb54517fc5,7a91ecfc0b64421d848a5491bc6e8636,2005-02-09
3fd2a295be874aa7a96e040b9e9aece6,c68c9e1ce5834a75a8d5d76826440673,2001-04-25
b9833561e874497e97e32e7354dea8ea,72981bbb5c534edc856461b5c44c2c85,2017-06-22
a6abdfaa51f44c78af4de9182e4d48f9,5d6435759cc7416c8fb1e99717644488,1972-05-07
747eab258134412f8a4ab8e678ceb357,be1258f9219c4c93b66f206088594146,1977-03-05
c2ab8868f58c4516b1013d2d64510b57,c39a9acc7ba641a8aa23b0f3e85c3d29,2011-08-29
3157053419d944358553f45089d6bc0d,1cc27d1d22a6475aa911a29a9eb1918f,1987-01-30
57a158d4a0184c9aa594b546f6465037,83db26ab6b62431eac2b277c2f4ff17e,2011-01-29
46c37a242aec4248b1e05f944ba98c09,85f5aac4bf01469a8d1ef5a03f195ead,2014-05-25
ef4742c7860048a9a023081b7122a8d1,b0de7ddf2a7e4abaa939697ac80496f4,1979-11-17
112afccdffb54134980718d8ef52cb1b,387a31b2f7b1463bb034342a0b74ba0b,2001-07-15
e8ba82d45b6d46d5b192e31e3aeaa77e,63414b9f99904f02bd194e4ed8b5368f,2010-11-28
30a9e73155a84674896d0bc8deb80e9a,d39bfd53c97f483e8484326639ecbe49,1998-03-28
40f6921a00b044e99bff1190013816c9,0956d6b88b844c9ab4a71468fe9e9949,1988-04-30
38c68b893a934d96a06b1399dc690b4a,c2ab8868f58c4516b1013d2d64510b57,1978-06-26
4cd3eb7a075146be9add0f1019113b26,3deef25e2e6f4605b9e0f607ea404ebb,2005-03-04
8141c00c942941cb9782747328ba38c2,7a91ecfc0b64421d848a5491bc6e8636,2013-04-24
e8ba82d45b6d46d5b192e31e3aeaa77e,46c37a242aec4248b1e05f944ba98c09,1990-04-02
1cc27d1d22a6475aa911a29a9eb1918f,97fbc042fb4b40378c2eb75e983d2e2b,1991-07-29
f786f16c47a84864964452ff56c4465a,3a80b85e7f7f413faafb0c576f898b98,1973-12-13
97fbc042fb4b40378c2eb75e983d2e2b,97fbc042fb4b40378c2eb75e983d2e2b,1994-09-10
3157053419d944358553f45089d6bc0d,8174ca21f93e4d55a4c50b06055d1ef7,1990-04-08
4df92775589a4687beaac5bb3fdb3b63,9a5f1ddc106343ab9291a1507f75dc7c,1978-04-27
f4deffbd9aa5429db69581f8132f848e,6c9e9bffbcda45b6b2e1bffb54517fc5,2003-11-09
487bb08bfb8d431ebd5c8064dc2e79c9,38c68b893a934d96a06b1399dc690b4a,2003-04-10
77afcd76ec584c22b737946700516a34,3ad5ae3241fe4761a1cc1abe7202780a,1999-12-21
b9833561e874497e97e32e7354dea8ea,46c37a242aec4248b1e05f944ba98c09,1975-03-27
3157053419d944358553f45089d6bc0d,62748f79867d4c1daec86ebd027f8713,1981-02-12
b0de7ddf2a7e4abaa939697ac80496f4,212c173e27504e61a2ce7f781d2a2167,1997-04-08
ee6d07fd60124fab8aca2e3a15a3f0ef,1cc27d1d22a6475aa911a29a9eb1918f,1996-09-12
36a6491e23234f308f68109ced927093,de353dee98394bc88a791a055600ee38,1993-06-02
7764b29b0f1142b3afc9bdd915f60dfc,686027b9fc7b4d8782768cca9cd047a1,2017-09-06
c9d663d1380d4a28b3f2a1933b1d7232,04bc576582004ce78db26a10fc7be96b,2004-09-25
16abef5f405141af931787327b47c034,38c68b893a934d96a06b1399dc690b4a,1972-07-11
97fbc042fb4b40378c2eb75e983d2e2b,77afcd76ec584c22b737946700516a34,2015-04-05
1cc27d1d22a6475aa911a29a9eb1918f,8174ca21f93e4d55a4c50b06055d1ef7,1977-08-29
a973e2fae2764704b5d1ee773e4ec179,b9833561e874497e97e32e7354dea8ea,1977-08-08
62748f79867d4c1daec86ebd027f8713,112afccdffb54134980718d8ef52cb1b,2009-09-09
186bf50cbb714b05b42ef061ff2dc930,a973e2fae2764704b5d1ee773e4ec179,2014-12-20
36a6491e23234f308f68109ced927093,ef4742c7860048a9a023081b7122a8d1,2010-05-10
598dc6d23ecf4addbfacd7fe600ed1a4,95b9500fa40d488b82dbc9d1701cb98a,1973-09-29
d585e66f5320454583fa4b6840a7ab4f,2f3e4a61d64042a6a77508d07339881a,2004-04-28
0920d37a891b4bcba41f5eecb9180652,70d03a7954a741d096db308e54646311,2007-10-25
57a158d4a0184c9aa594b546f6465037,32ba849ad5aa499d94304f7d8c606d0a,1996-07-14
f4deffbd9aa5429db69581f8132f848e,e8ba82d45b6d46d5b192e31e3aeaa77e,1977-11-16
747eab258134412f8a4ab8e678ceb357,834d0f0434474c408a64c062750b2c9e,1976-06-04
95b9500fa40d488b82dbc9d1701cb98a,f4deffbd9aa5429db69581f8132f848e,1989-03-28
487bb08bfb8d431ebd5c8064dc2e79c9,d585e66f5320454583fa4b6840a7ab4f,1983-04-27
6600ac6bc58d4efa89fd0a172bff77dc,30a9e73155a84674896d0bc8deb80e9a,2013-06-21
a973e2fae2764704b5d1ee773e4ec179,9ef75f425d2742518cbe975ae1c8b730,1993-09-04
f4deffbd9aa5429db69581f8132f848e,1f47afd1d0a84b0fba6ebc1ff6d8395b,1985-05-21
aca8b4078c4340379ece6574196a89da,6c9e9bffbcda45b6b2e1bffb54517fc5,1979-07-26
40f6921a00b044e99bff1190013816c9,30a9e73155a84674896d0bc8deb80e9a,1980-12-09
1cc27d1d22a6475aa911a29a9eb1918f,112afccdffb54134980718d8ef52cb1b,2020-06-03
b914a6cc07b1434a834b6487538723f2,aca8b4078c4340379ece6574196a89da,1977-08-07
4accac8271f449cb93fc0a9125bf31ff,ee6d07fd60124fab8aca2e3a15a3f0ef,2001-09-17
b0de7ddf2a7e4abaa939697ac80496f4,b0de7ddf2a7e4abaa939697ac80496f4,2007-02-05
97fbc042fb4b40378c2eb75e983d2e2b,2f5cff69b02d473ab8ae25a60a81a80f,1994-05-31
598dc6d23ecf4addbfacd7fe600ed1a4,84717e3407024643b9767ad08b5f7811,1995-01-03
f4deffbd9aa5429db69581f8132f848e,ef4742c7860048a9a023081b7122a8d1,2010-05-08
38c68b893a934d96a06b1399dc690b4a,7a91ecfc0b64421d848a5491bc6e8636,2016-04-10
36a6491e23234f308f68109ced927093,9a61ad083ab1406e96967c21a6bea695,1996-04-12
6600ac6bc58d4efa89fd0a172bff77dc,387a31b2f7b1463bb034342a0b74ba0b,1999-10-25
b0de7ddf2a7e4abaa939697ac80496f4,6084d7e5fd974c5cb6b502fcceff5abc,1987-11-23
7a91ecfc0b64421d848a5491bc6e8636,aca8b4078c4340379ece6574196a89da,2007-03-29
97fbc042fb4b40378c2eb75e983d2e2b,2b11273103564b9187a43df5ef300b5a,1985-07-12
7d066653263a4eec81846a7e78765ed1,8632c11ff8184ba98b3b89228121feef,1999-04-23
77afcd76ec584c22b737946700516a34,83db26ab6b62431eac2b277c2f4ff17e,2011-11-21
be1258f9219c4c93b66f206088594146,fdb2ffed4c8c48579f5bbeb270cc1e9c,1990-02-07
1cc27d1d22a6475aa911a29a9eb1918f,15ed127c932844c0ae8c0337c5f1be15,1989-08-26
b9833561e874497e97e32e7354dea8ea,c39a9acc7ba641a8aa23b0f3e85c3d29,2014-12-06
84717e3407024643b9767ad08b5f7811,8632c11ff8184ba98b3b89228121feef,1999-12-01
c24bfbb72997496aa4b2c071441f2510,36a6491e23234f308f68109ced927093,2013-07-04
97fbc042fb4b40378c2eb75e983d2e2b,72981bbb5c534edc856461b5c44c2c85,1974-04-04
b0de7ddf2a7e4abaa939697ac80496f4,747eab258134412f8a4ab8e678ceb357,2010-08-30
36a6491e23234f308f68109ced927093,1f47afd1d0a84b0fba6ebc1ff6d8395b,1977-04-08
c24bfbb72997496aa4b2c071441f2510,62748f79867d4c1daec86ebd027f8713,2001-05-17
841163f61f164011ada98f4cd322a030,4cd3eb7a075146be9add0f1019113b26,1976-05-31
deaeeaa4dca449fb8553b4ac2b0c274d,a15d69138144485bbfb2c9577ee0bf1d,2019-03-28
40f6921a00b044e99bff1190013816c9,66f6f6aa3a434eef870c3b0824cb5109,1994-09-17
686027b9fc7b4d8782768cca9cd047a1,b4d6716cad874a8ab62a1ccd43c3202a,1985-07-19
1cc27d1d22a6475aa911a29a9eb1918f,30a9e73155a84674896d0bc8deb80e9a,1980-05-22
186bf50cbb714b05b42ef061ff2dc930,9a61ad083ab1406e96967c21a6bea695,2002-06-29
16abef5f405141af931787327b47c034,e8ba82d45b6d46d5b192e31e3aeaa77e,1979-05-26
598dc6d23ecf4addbfacd7fe600ed1a4,186bf50cbb714b05b42ef061ff2dc930,1983-02-22
4fd948375e7a441f882f7a57196612c6,62748f79867d4c1daec86ebd027f8713,2007-10-25
2f3e4a61d64042a6a77508d07339881a,f4deffbd9aa5429db69581f8132f848e,1977-09-02
3deef25e2e6f4605b9e0f607ea404ebb,747eab258134412f8a4ab8e678ceb357,1988-06-19
f786f16c47a84864964452ff56c4465a,45650ef8b37449d3ab5c4c2a09316c19,2009-09-10
deaeeaa4dca449fb8553b4ac2b0c274d,834d0f0434474c408a64c062750b2c9e,1978-11-23
6c9e9bffbcda45b6b2e1bffb54517fc5,112afccdffb54134980718d8ef52cb1b,1995-05-06
04bc576582004ce78db26a10fc7be96b,b9833561e874497e97e32e7354dea8ea,1976-02-11
83db26ab6b62431eac2b277c2f4ff17e,2f3e4a61d64042a6a77508d07339881a,1974-01-17
deaeeaa4dca449fb8553b4ac2b0c274d,4df92775589a4687beaac5bb3fdb3b63,2015-06-20
84717e3407024643b9767ad08b5f7811,fdb2ffed4c8c48579f5bbeb270cc1e9c,2015-08-31
2b11273103564b9187a43df5ef300b5a,6084d7e5fd974c5cb6b502fcceff5abc,1979-08-11
38c68b893a934d96a06b1399dc690b4a,deaeeaa4dca449fb8553b4ac2b0c274d,2018-11-05
4cd3eb7a075146be9add0f1019113b26,bcd8bc351cec44a791b458502483a367,1994-05-25
7d066653263a4eec81846a7e78765ed1,02b379d3f1f84357af448b71a7b704a0,1972-05-07
4cd3eb7a075146be9add0f1019113b26,63414b9f99904f02bd194e4ed8b5368f,1993-11-03
f4deffbd9aa5429db69581f8132f848e,c68c9e1ce5834a75a8d5d76826440673,1996-10-01
8141c00c942941cb9782747328ba38c2,0956d6b88b844c9ab4a71468fe9e9949,1973-07-28
e5e482d5d5eb40d1a8c26d50ee8232b9,686027b9fc7b4d8782768cca9cd047a1,1978-12-09
b914a6cc07b1434a834b6487538723f2,3deef25e2e6f4605b9e0f607ea404ebb,1984-08-15
aca8b4078c4340379ece6574196a89da,d39bfd53c97f483e8484326639ecbe49,2019-08-12
21c8abbb3a1147bcbffd655492201919,0920d37a891b4bcba41f5eecb9180652,1971-05-02
5d6435759cc7416c8fb1e99717644488,ef17572876464d1c996025f7aced77c8,1983-08-22
3157053419d944358553f45089d6bc0d,02b379d3f1f84357af448b71a7b704a0,1990-10-01
ee6d07fd60124fab8aca2e3a15a3f0ef,c24bfbb72997496aa4b2c071441f2510,2018-01-05
1f47afd1d0a84b0fba6ebc1ff6d8395b,02b379d3f1f84357af448b71a7b704a0,1976-06-30
cab1a79ea19c43978451504a37dcdbb9,fdb2ffed4c8c48579f5bbeb270cc1e9c,2018-06-14
c39a9acc7ba641a8aa23b0f3e85c3d29,ff96b049280f4a70b62d25500704e5cf,2004-01-06
3deef25e2e6f4605b9e0f607ea404ebb,cab1a79ea19c43978451504a37dcdbb9,1995-12-18
21c8abbb3a1147bcbffd655492201919,ef17572876464d1c996025f7aced77c8,2011-03-17
09a6763e89334573ab9e3040b845b475,834d0f0434474c408a64c062750b2c9e,1991-05-17
62748f79867d4c1daec86ebd027f8713,d585e66f5320454583fa4b6840a7ab4f,2004-09-01
36a6491e23234f308f68109ced927093,97fbc042fb4b40378c2eb75e983d2e2b,1985-10-11
95b9500fa40d488b82dbc9d1701cb98a,3deef25e2e6f4605b9e0f607ea404ebb,1998-04-04
2f3e4a61d64042a6a77508d07339881a,d585e66f5320454583fa4b6840a7ab4f,1992-03-30
6d633dde80e74a6883bb5d45dcb5432b,c39a9acc7ba641a8aa23b0f3e85c3d29,1995-11-30
32ba849ad5aa499d94304f7d8c606d0a,9a61ad083ab1406e96967c21a6bea695,2009-08-24
9b775bcb3f2e4819944de2208337b61a,83db26ab6b62431eac2b277c2f4ff17e,1991-10-13
1f47afd1d0a84b0fba6ebc1ff6d8395b,8632c11ff8184ba98b3b89228121feef,2003-03-08
186bf50cbb714b05b42ef061ff2dc930,f4deffbd9aa5429db69581f8132f848e,2010-11-06
2f3e4a61d64042a6a77508d07339881a,36a6491e23234f308f68109ced927093,1971-09-25
60c81491f37841a0ae512b483bb06958,66f6f6aa3a434eef870c3b0824cb5109,1984-12-23
02b379d3f1f84357af448b71a7b704a0,7764b29b0f1142b3afc9bdd915f60dfc,1999-06-02
2f5cff69b02d473ab8ae25a60a81a80f,66f6f6aa3a434eef870c3b0824cb5109,1979-10-23
6084d7e5fd974c5cb6b502fcceff5abc,f786f16c47a84864964452ff56c4465a,2013-01-09
598dc6d23ecf4addbfacd7fe600ed1a4,62748f79867d4c1daec86ebd027f8713,1992-06-02
387a31b2f7b1463bb034342a0b74ba0b,5c311e79a45f48c2a746ff66884489da,1996-05-23
84717e3407024643b9767ad08b5f7811,72981bbb5c534edc856461b5c44c2c85,1991-09-24
38c68b893a934d96a06b1399dc690b4a,212c173e27504e61a2ce7f781d2a2167,2014-05-12
8174ca21f93e4d55a4c50b06055d1ef7,a6abdfaa51f44c78af4de9182e4d48f9,1980-11-04
1f47afd1d0a84b0fba6ebc1ff6d8395b,fdb2ffed4c8c48579f5bbeb270cc1e9c,1987-06-06
c68c9e1ce5834a75a8d5d76826440673,21c8abbb3a1147bcbffd655492201919,2015-09-03
1f47afd1d0a84b0fba6ebc1ff6d8395b,e5e482d5d5eb40d1a8c26d50ee8232b9,2000-07-14
bcd8bc351cec44a791b458502483a367,2b11273103564b9187a43df5ef300b5a,1986-06-27
4df92775589a4687beaac5bb3fdb3b63,5d6435759cc7416c8fb1e99717644488,2008-04-24
3fd2a295be874aa7a96e040b9e9aece6,83db26ab6b62431eac2b277c2f4ff17e,2017-08-06
57a158d4a0184c9aa594b546f6465037,ee6d07fd60124fab8aca2e3a15a3f0ef,1971-10-24
83db26ab6b62431eac2b277c2f4ff17e,95b9500fa40d488b82dbc9d1701cb98a,1990-12-12
4fd948375e7a441f882f7a57196612c6,2f3e4a61d64042a6a77508d07339881a,1985-01-29
d39bfd53c97f483e8484326639ecbe49,ef17572876464d1c996025f7aced77c8,2008-11-14
387a31b2f7b1463bb034342a0b74ba0b,c39a9acc7ba641a8aa23b0f3e85c3d29,1989-05-22
46c37a242aec4248b1e05f944ba98c09,40f6921a00b044e99bff1190013816c9,1986-09-23
09a6763e89334573ab9e3040b845b475,57a158d4a0184c9aa594b546f6465037,2007-09-07
15ed127c932844c0ae8c0337c5f1be15,ef4742c7860048a9a023081b7122a8d1,2006-10-04
b4d6716cad874a8ab62a1ccd43c3202a,cab1a79ea19c43978451504a37dcdbb9,2014-06-11
b4d6716cad874a8ab62a1ccd43c3202a,16abef5f405141af931787327b47c034,1977-01-10
46c37a242aec4248b1e05f944ba98c09,c2ab8868f58c4516b1013d2d64510b57,1987-08-26
9a5f1ddc106343ab9291a1507f75dc7c,4cd3eb7a075146be9add0f1019113b26,2015-01-01
b9833561e874497e97e32e7354dea8ea,5d6435759cc7416c8fb1e99717644488,1988-02-20
7a91ecfc0b64421d848a5491bc6e8636,09a6763e89334573ab9e3040b845b475,2005-10-21
63414b9f99904f02bd194e4ed8b5368f,deaeeaa4dca449fb8553b4ac2b0c274d,2005-09-27
9a5f1ddc106343ab9291a1507f75dc7c,6d633dde80e74a6883bb5d45dcb5432b,1990-11-24
66f6f6aa3a434eef870c3b0824cb5109,83db26ab6b62431eac2b277c2f4ff17e,1993-12-18
915002e1e62443ca87a39fbf473611ef,4accac8271f449cb93fc0a9125bf31ff,1974-04-08
04bc576582004ce78db26a10fc7be96b,f786f16c47a84864964452ff56c4465a,1971-02-28
46c37a242aec4248b1e05f944ba98c09,1f47afd1d0a84b0fba6ebc1ff6d8395b,2004-08-08
5d6435759cc7416c8fb1e99717644488,c9d663d1380d4a28b3f2a1933b1d7232,1979-10-07
9a5f1ddc106343ab9291a1507f75dc7c,45650ef8b37449d3ab5c4c2a09316c19,1983-11-26
3ad5ae3241fe4761a1cc1abe7202780a,7764b29b0f1142b3afc9bdd915f60dfc,2016-08-29
66f6f6aa3a434eef870c3b0824cb5109,09a6763e89334573ab9e3040b845b475,2015-04-26
9ef75f425d2742518cbe975ae1c8b730,b914a6cc07b1434a834b6487538723f2,1995-06-14
fdb2ffed4c8c48579f5bbeb270cc1e9c,be1258f9219c4c93b66f206088594146,2002-12-31
1e8c1f3dac9f4279ae64fc5ed4d10f4c,ef4742c7860048a9a023081b7122a8d1,1973-08-12
15ed127c932844c0ae8c0337c5f1be15,915002e1e62443ca87a39fbf473611ef,1985-01-12
0956d6b88b844c9ab4a71468fe9e9949,6600ac6bc58d4efa89fd0a172bff77dc,2000-07-23
387a31b2f7b1463bb034342a0b74ba0b,747eab258134412f8a4ab8e678ceb357,1999-06-13
aca8b4078c4340379ece6574196a89da,212c173e27504e61a2ce7f781d2a2167,2010-02-05
21c8abbb3a1147bcbffd655492201919,9a61ad083ab1406e96967c21a6bea695,2003-08-12
598dc6d23ecf4addbfacd7fe600ed1a4,d585e66f5320454583fa4b6840a7ab4f,1985-06-28
97fbc042fb4b40378c2eb75e983d2e2b,97fbc042fb4b40378c2eb75e983d2e2b,1985-11-28
a15d69138144485bbfb2c9577ee0bf1d,63414b9f99904f02bd194e4ed8b5368f,2005-08-12
84717e3407024643b9767ad08b5f7811,c39a9acc7ba641a8aa23b0f3e85c3d29,1975-08-16
15ed127c932844c0ae8c0337c5f1be15,112afccdffb54134980718d8ef52cb1b,1977-04-02
46c37a242aec4248b1e05f944ba98c09,ef17572876464d1c996025f7aced77c8,1999-09-03
36a6491e23234f308f68109ced927093,c39a9acc7ba641a8aa23b0f3e85c3d29,2005-12-11
bcd8bc351cec44a791b458502483a367,fdb2ffed4c8c48579f5bbeb270cc1e9c,1984-09-28
4fd948375e7a441f882f7a57196612c6,95b9500fa40d488b82dbc9d1701cb98a,1994-05-29
b4d6716cad874a8ab62a1ccd43c3202a,ff96b049280f4a70b62d25500704e5cf,1980-01-03
0920d37a891b4bcba41f5eecb9180652,bcd8bc351cec44a791b458502483a367,1974-06-17
915002e1e62443ca87a39fbf473611ef,2b11273103564b9187a43df5ef300b5a,1970-04-16
4cd3eb7a075146be9add0f1019113b26,c24bfbb72997496aa4b2c071441f2510,1980-08-24
02b379d3f1f84357af448b71a7b704a0,686027b9fc7b4d8782768cca9cd047a1,1983-04-01
1f47afd1d0a84b0fba6ebc1ff6d8395b,15ed127c932844c0ae8c0337c5f1be15,1978-10-13
32ba849ad5aa499d94304f7d8c606d0a,04bc576582004ce78db26a10fc7be96b,1988-08-11
112afccdffb54134980718d8ef52cb1b,bcd8bc351cec44a791b458502483a367,2006-10-15
c24bfbb72997496aa4b2c071441f2510,834d0f0434474c408a64c062750b2c9e,1987-02-20
3deef25e2e6f4605b9e0f607ea404ebb,a15d69138144485bbfb2c9577ee0bf1d,2009-06-15
de353dee98394bc88a791a055600ee38,57a158d4a0184c9aa594b546f6465037,2006-06-09
9ef75f425d2742518cbe975ae1c8b730,c2ab8868f58c4516b1013d2d64510b57,2002-03-11
186bf50cbb714b05b42ef061ff2dc930,4fd948375e7a441f882f7a57196612c6,2020-01-26
c2ab8868f58c4516b1013d2d64510b57,7764b29b0f1142b3afc9bdd915f60dfc,1989-08-19
3157053419d944358553f45089d6bc0d,c2ab8868f58c4516b1013d2d64510b57,1972-06-18
598dc6d23ecf4addbfacd7fe600ed1a4,3a80b85e7f7f413faafb0c576f898b98,1984-05-22
bcd8bc351cec44a791b458502483a367,ef4742c7860048a9a023081b7122a8d1,1985-10-01
487bb08bfb8d431ebd5c8064dc2e79c9,3deef25e2e6f4605b9e0f607ea404ebb,1991-11-01
70d03a7954a741d096db308e54646311,66f6f6aa3a434eef870c3b0824cb5109,1992-09-13
36a6491e23234f308f68109ced927093,cab1a79ea19c43978451504a37dcdbb9,1979-07-04
8141c00c942941cb9782747328ba38c2,16abef5f405141af931787327b47c034,1998-06-24
c68c9e1ce5834a75a8d5d76826440673,5c311e79a45f48c2a746ff66884489da,1986-03-26
16abef5f405141af931787327b47c034,3deef25e2e6f4605b9e0f607ea404ebb,2018-03-31
3a80b85e7f7f413faafb0c576f898b98,30a9e73155a84674896d0bc8deb80e9a,1990-09-03
77afcd76ec584c22b737946700516a34,7764b29b0f1142b3afc9bdd915f60dfc,1979-07-14
3ad5ae3241fe4761a1cc1abe7202780a,2f3e4a61d64042a6a77508d07339881a,2000-01-30
a973e2fae2764704b5d1ee773e4ec179,aca8b4078c4340379ece6574196a89da,2015-03-06
04bc576582004ce78db26a10fc7be96b,40f6921a00b044e99bff1190013816c9,2008-04-03
30a9e73155a84674896d0bc8deb80e9a,c9d663d1380d4a28b3f2a1933b1d7232,1995-06-04
84717e3407024643b9767ad08b5f7811,de353dee98394bc88a791a055600ee38,1998-06-13
186bf50cbb714b05b42ef061ff2dc930,598dc6d23ecf4addbfacd7fe600ed1a4,1984-07-02
66f6f6aa3a434eef870c3b0824cb5109,4fd948375e7a441f882f7a57196612c6,1982-08-02
0956d6b88b844c9ab4a71468fe9e9949,97fbc042fb4b40378c2eb75e983d2e2b,1991-07-16
747eab258134412f8a4ab8e678ceb357,83db26ab6b62431eac2b277c2f4ff17e,1979-02-19
04bc576582004ce78db26a10fc7be96b,c68c9e1ce5834a75a8d5d76826440673,1980-07-14
0920d37a891b4bcba41f5eecb9180652,85f5aac4bf01469a8d1ef5a03f195ead,1976-01-26
834d0f0434474c408a64c062750b2c9e,62748f79867d4c1daec86ebd027f8713,2010-04-26
9b775bcb3f2e4819944de2208337b61a,a973e2fae2764704b5d1ee773e4ec179,2006-01-24
84717e3407024643b9767ad08b5f7811,72981bbb5c534edc856461b5c44c2c85,1980-03-26
7a91ecfc0b64421d848a5491bc6e8636,841163f61f164011ada98f4cd322a030,1970-10-28
f4deffbd9aa5429db69581f8132f848e,70d03a7954a741d096db308e54646311,1993-04-06
c39a9acc7ba641a8aa23b0f3e85c3d29,a973e2fae2764704b5d1ee773e4ec179,2016-10-06
212c173e27504e61a2ce7f781d2a2167,a6abdfaa51f44c78af4de9182e4d48f9,1975-05-22
186bf50cbb714b05b42ef061ff2dc930,c24bfbb72997496aa4b2c071441f2510,2012-04-17
38c68b893a934d96a06b1399dc690b4a,16abef5f405141af931787327b47c034,1977-05-17
aca8b4078c4340379ece6574196a89da,d585e66f5320454583fa4b6840a7ab4f,1991-06-26
212c173e27504e61a2ce7f781d2a2167,02b379d3f1f84357af448b71a7b704a0,1992-07-23
e8ba82d45b6d46d5b192e31e3aeaa77e,8174ca21f93e4d55a4c50b06055d1ef7,1980-02-28
57a158d4a0184c9aa594b546f6465037,686027b9fc7b4d8782768cca9cd047a1,2012-03-12
3fd2a295be874aa7a96e040b9e9aece6,3157053419d944358553f45089d6bc0d,2014-11-28
70d03a7954a741d096db308e54646311,e8ba82d45b6d46d5b192e31e3aeaa77e,1971-05-28
a6abdfaa51f44c78af4de9182e4d48f9,3157053419d944358553f45089d6bc0d,1980-04-14
c39a9acc7ba641a8aa23b0f3e85c3d29,de353dee98394bc88a791a055600ee38,1985-07-15
30a9e73155a84674896d0bc8deb80e9a,9a61ad083ab1406e96967c21a6bea695,2001-11-22
841163f61f164011ada98f4cd322a030,fdb2ffed4c8c48579f5bbeb270cc1e9c,1996-06-29
3a80b85e7f7f413faafb0c576f898b98,ee6d07fd60124fab8aca2e3a15a3f0ef,2001-05-16
f786f16c47a84864964452ff56c4465a,21c8abbb3a1147bcbffd655492201919,2001-10-29
46c37a242aec4248b1e05f944ba98c09,915002e1e62443ca87a39fbf473611ef,1986-12-15
841163f61f164011ada98f4cd322a030,3157053419d944358553f45089d6bc0d,2001-05-21
747eab258134412f8a4ab8e678ceb357,4cd3eb7a075146be9add0f1019113b26,1998-10-22
4cd3eb7a075146be9add0f1019113b26,c2ab8868f58c4516b1013d2d64510b57,2000-01-06
cab1a79ea19c43978451504a37dcdbb9,ef4742c7860048a9a023081b7122a8d1,1996-02-04
de353dee98394bc88a791a055600ee38,aca8b4078c4340379ece6574196a89da,1983-10-06
6c9e9bffbcda45b6b2e1bffb54517fc5,0956d6b88b844c9ab4a71468fe9e9949,1988-04-11
1e8c1f3dac9f4279ae64fc5ed4d10f4c,6d633dde80e74a6883bb5d45dcb5432b,1990-06-04
212c173e27504e61a2ce7f781d2a2167,6084d7e5fd974c5cb6b502fcceff5abc,1987-05-03
834d0f0434474c408a64c062750b2c9e,f4deffbd9aa5429db69581f8132f848e,1987-10-30
2b11273103564b9187a43df5ef300b5a,212c173e27504e61a2ce7f781d2a2167,1990-01-28
5d6435759cc7416c8fb1e99717644488,b914a6cc07b1434a834b6487538723f2,2000-05-11
09a6763e89334573ab9e3040b845b475,d39bfd53c97f483e8484326639ecbe49,1983-03-28
3ad5ae3241fe4761a1cc1abe7202780a,66f6f6aa3a434eef870c3b0824cb5109,2020-04-02
6c9e9bffbcda45b6b2e1bffb54517fc5,c39a9acc7ba641a8aa23b0f3e85c3d29,1994-11-27
77afcd76ec584c22b737946700516a34,8632c11ff8184ba98b3b89228121feef,1976-03-02
fbb2fe625b814ce58b4af48264897828,77afcd76ec584c22b737946700516a34,1990-09-12
212c173e27504e61a2ce7f781d2a2167,4df92775589a4687beaac5bb3fdb3b63,1970-06-06
5d6435759cc7416c8fb1e99717644488,8174ca21f93e4d55a4c50b06055d1ef7,1973-03-03
8632c11ff8184ba98b3b89228121feef,4fd948375e7a441f882f7a57196612c6,1986-10-16
2f3e4a61d64042a6a77508d07339881a,57a158d4a0184c9aa594b546f6465037,1977-07-15
4accac8271f449cb93fc0a9125bf31ff,5d6435759cc7416c8fb1e99717644488,2001-06-17
9b775bcb3f2e4819944de2208337b61a,b914a6cc07b1434a834b6487538723f2,1993-07-04
ef4742c7860048a9a023081b7122a8d1,6c9e9bffbcda45b6b2e1bffb54517fc5,1998-11-05
36a6491e23234f308f68109ced927093,1cc27d1d22a6475aa911a29a9eb1918f,1984-11-24
c24bfbb72997496aa4b2c071441f2510,6d633dde80e74a6883bb5d45dcb5432b,1979-12-24
be1258f9219c4c93b66f206088594146,ee6d07fd60124fab8aca2e3a15a3f0ef,1980-02-11
b9833561e874497e97e32e7354dea8ea,9a5f1ddc106343ab9291a1507f75dc7c,2016-04-15
b9833561e874497e97e32e7354dea8ea,112afccdffb54134980718d8ef52cb1b,2017-04-22
8632c11ff8184ba98b3b89228121feef,46c37a242aec4248b1e05f944ba98c09,1994-01-17
c39a9acc7ba641a8aa23b0f3e85c3d29,16abef5f405141af931787327b47c034,2014-07-18
cab1a79ea19c43978451504a37dcdbb9,b9833561e874497e97e32e7354dea8ea,1975-08-19
f786f16c47a84864964452ff56c4465a,387a31b2f7b1463bb034342a0b74ba0b,2013-03-08
b914a6cc07b1434a834b6487538723f2,0956d6b88b844c9ab4a71468fe9e9949,1970-02-12
8632c11ff8184ba98b3b89228121feef,cab1a79ea19c43978451504a37dcdbb9,2009-10-21
8141c00c942941cb9782747328ba38c2,c9d663d1380d4a28b3f2a1933b1d7232,1987-06-13
8141c00c942941cb9782747328ba38c2,84717e3407024643b9767ad08b5f7811,2005-07-20
09a6763e89334573ab9e3040b845b475,e8ba82d45b6d46d5b192e31e3aeaa77e,1982-10-10
747eab258134412f8a4ab8e678ceb357,de353dee98394bc88a791a055600ee38,2005-02-05
9b775bcb3f2e4819944de2208337b61a,387a31b2f7b1463bb034342a0b74ba0b,2005-02-24
70d03a7954a741d096db308e54646311,21c8abbb3a1147bcbffd655492201919,1998-06-18
4df92775589a4687beaac5bb3fdb3b63,834d0f0434474c408a64c062750b2c9e,2001-10-08
ff96b049280f4a70b62d25500704e5cf,8141c00c942941cb9782747328ba38c2,2019-09-27
02b379d3f1f84357af448b71a7b704a0,09a6763e89334573ab9e3040b845b475,1985-03-26
747eab258134412f8a4ab8e678ceb357,387a31b2f7b1463bb034342a0b74ba0b,2018-11-07
ef4742c7860048a9a023081b7122a8d1,36a6491e23234f308f68109ced927093,2020-05-08
f786f16c47a84864964452ff56c4465a,f4deffbd9aa5429db69581f8132f848e,1999-09-25
4cd3eb7a075146be9add0f1019113b26,85f5aac4bf01469a8d1ef5a03f195ead,2004-06-02
9b775bcb3f2e4819944de2208337b61a,62748f79867d4c1daec86ebd027f8713,1994-09-22
186bf50cbb714b05b42ef061ff2dc930,915002e1e62443ca87a39fbf473611ef,1994-03-19
3ad5ae3241fe4761a1cc1abe7202780a,4accac8271f449cb93fc0a9125bf31ff,2000-04-26
e8ba82d45b6d46d5b192e31e3aeaa77e,c2ab8868f58c4516b1013d2d64510b57,2000-06-03
4fd948375e7a441f882f7a57196612c6,387a31b2f7b1463bb034342a0b74ba0b,2012-01-02
915002e1e62443ca87a39fbf473611ef,6d633dde80e74a6883bb5d45dcb5432b,1996-12-17
8141c00c942941cb9782747328ba38c2,0956d6b88b844c9ab4a71468fe9e9949,2009-07-24
c68c9e1ce5834a75a8d5d76826440673,deaeeaa4dca449fb8553b4ac2b0c274d,1971-02-14
aca8b4078c4340379ece6574196a89da,4df92775589a4687beaac5bb3fdb3b63,2016-06-05
7a91ecfc0b64421d848a5491bc6e8636,b0de7ddf2a7e4abaa939697ac80496f4,2011-10-28
62748f79867d4c1daec86ebd027f8713,c24bfbb72997496aa4b2c071441f2510,1989-08-22
6c9e9bffbcda45b6b2e1bffb54517fc5,95b9500fa40d488b82dbc9d1701cb98a,1999-12-15
66f6f6aa3a434eef870c3b0824cb5109,2b11273103564b9187a43df5ef300b5a,1999-01-10
387a31b2f7b1463bb034342a0b74ba0b,8174ca21f93e4d55a4c50b06055d1ef7,1988-11-01
ef4742c7860048a9a023081b7122a8d1,2f3e4a61d64042a6a77508d07339881a,2009-07-21
70d03a7954a741d096db308e54646311,bcd8bc351cec44a791b458502483a367,1988-05-18
ef17572876464d1c996025f7aced77c8,6084d7e5fd974c5cb6b502fcceff5abc,2007-12-05
841163f61f164011ada98f4cd322a030,85f5aac4bf01469a8d1ef5a03f195ead,2015-05-04
0920d37a891b4bcba41f5eecb9180652,e5e482d5d5eb40d1a8c26d50ee8232b9,2011-11-16
84717e3407024643b9767ad08b5f7811,747eab258134412f8a4ab8e678ceb357,1985-11-15
6d633dde80e74a6883bb5d45dcb5432b,02b379d3f1f84357af448b71a7b704a0,2012-10-17
de353dee98394bc88a791a055600ee38,7a91ecfc0b64421d848a5491bc6e8636,2003-06-21
b9833561e874497e97e32e7354dea8ea,a15d69138144485bbfb2c9577ee0bf1d,1983-06-07
9a5f1ddc106343ab9291a1507f75dc7c,85f5aac4bf01469a8d1ef5a03f195ead,2013-01-22
40f6921a00b044e99bff1190013816c9,3157053419d944358553f45089d6bc0d,1997-02-23
fbb2fe625b814ce58b4af48264897828,be1258f9219c4c93b66f206088594146,2003-01-26
72981bbb5c534edc856461b5c44c2c85,6c9e9bffbcda45b6b2e1bffb54517fc5,2009-08-16
e8ba82d45b6d46d5b192e31e3aeaa77e,9a61ad083ab1406e96967c21a6bea695,2004-03-14
4cd3eb7a075146be9add0f1019113b26,95b9500fa40d488b82dbc9d1701cb98a,2001-08-07
c39a9acc7ba641a8aa23b0f3e85c3d29,f786f16c47a84864964452ff56c4465a,2001-01-17
8141c00c942941cb9782747328ba38c2,1f47afd1d0a84b0fba6ebc1ff6d8395b,1996-12-12
70d03a7954a741d096db308e54646311,c39a9acc7ba641a8aa23b0f3e85c3d29,2003-10-20
57a158d4a0184c9aa594b546f6465037,63414b9f99904f02bd194e4ed8b5368f,2011-01-10
fbb2fe625b814ce58b4af48264897828,3a80b85e7f7f413faafb0c576f898b98,1994-08-19
f786f16c47a84864964452ff56c4465a,aca8b4078c4340379ece6574196a89da,1981-05-05
c68c9e1ce5834a75a8d5d76826440673,212c173e27504e61a2ce7f781d2a2167,1991-07-10
2f5cff69b02d473ab8ae25a60a81a80f,83db26ab6b62431eac2b277c2f4ff17e,2006-12-09
2f5cff69b02d473ab8ae25a60a81a80f,9a5f1ddc106343ab9291a1507f75dc7c,1983-01-24
6084d7e5fd974c5cb6b502fcceff5abc,7d066653263a4eec81846a7e78765ed1,2019-11-03
d39bfd53c97f483e8484326639ecbe49,8141c00c942941cb9782747328ba38c2,2017-12-31
1f47afd1d0a84b0fba6ebc1ff6d8395b,a6abdfaa51f44c78af4de9182e4d48f9,1981-08-12
a973e2fae2764704b5d1ee773e4ec179,c2ab8868f58c4516b1013d2d64510b57,1974-08-18
a15d69138144485bbfb2c9577ee0bf1d,30a9e73155a84674896d0bc8deb80e9a,1995-01-28
62748f79867d4c1daec86ebd027f8713,0956d6b88b844c9ab4a71468fe9e9949,2009-10-05
834d0f0434474c408a64c062750b2c9e,8174ca21f93e4d55a4c50b06055d1ef7,1984-05-11
deaeeaa4dca449fb8553b4ac2b0c274d,4df92775589a4687beaac5bb3fdb3b63,1980-05-14
3fd2a295be874aa7a96e040b9e9aece6,c68c9e1ce5834a75a8d5d76826440673,2017-11-17
40f6921a00b044e99bff1190013816c9,c9d663d1380d4a28b3f2a1933b1d7232,1975-12-23
4fd948375e7a441f882f7a57196612c6,09a6763e89334573ab9e3040b845b475,2002-07-03
46c37a242aec4248b1e05f944ba98c09,21c8abbb3a1147bcbffd655492201919,1981-06-26
5c311e79a45f48c2a746ff66884489da,85f5aac4bf01469a8d1ef5a03f195ead,2014-11-18
2f3e4a61d64042a6a77508d07339881a,6084d7e5fd974c5cb6b502fcceff5abc,1995-05-21
a15d69138144485bbfb2c9577ee0bf1d,ff96b049280f4a70b62d25500704e5cf,2003-02-19
186bf50cbb714b05b42ef061ff2dc930,45650ef8b37449d3ab5c4c2a09316c19,2001-01-08
0920d37a891b4bcba41f5eecb9180652,9b775bcb3f2e4819944de2208337b61a,2011-01-20
b9833561e874497e97e32e7354dea8ea,45650ef8b37449d3ab5c4c2a09316c19,2015-05-17
70d03a7954a741d096db308e54646311,1f47afd1d0a84b0fba6ebc1ff6d8395b,1993-11-18
9a61ad083ab1406e96967c21a6bea695,4accac8271f449cb93fc0a9125bf31ff,1975-05-20
45650ef8b37449d3ab5c4c2a09316c19,0920d37a891b4bcba41f5eecb9180652,2009-11-05
6d633dde80e74a6883bb5d45dcb5432b,85f5aac4bf01469a8d1ef5a03f195ead,1996-04-14
3deef25e2e6f4605b9e0f607ea404ebb,4accac8271f449cb93fc0a9125bf31ff,1994-01-05
d39bfd53c97f483e8484326639ecbe49,ef17572876464d1c996025f7aced77c8,1987-01-27
f4deffbd9aa5429db69581f8132f848e,16abef5f405141af931787327b47c034,1992-06-03
d39bfd53c97f483e8484326639ecbe49,be1258f9219c4c93b66f206088594146,1975-09-24
ef4742c7860048a9a023081b7122a8d1,aca8b4078c4340379ece6574196a89da,1976-05-07
fdb2ffed4c8c48579f5bbeb270cc1e9c,9b775bcb3f2e4819944de2208337b61a,1996-03-26
3157053419d944358553f45089d6bc0d,c9d663d1380d4a28b3f2a1933b1d7232,2014-06-14
487bb08bfb8d431ebd5c8064dc2e79c9,04bc576582004ce78db26a10fc7be96b,1997-05-25
3ad5ae3241fe4761a1cc1abe7202780a,9ef75f425d2742518cbe975ae1c8b730,2003-03-11
c2ab8868f58c4516b1013d2d64510b57,747eab258134412f8a4ab8e678ceb357,2018-04-06
686027b9fc7b4d8782768cca9cd047a1,9b775bcb3f2e4819944de2208337b61a,1983-12-11
40f6921a00b044e99bff1190013816c9,16abef5f405141af931787327b47c034,1980-07-07
7764b29b0f1142b3afc9bdd915f60dfc,a15d69138144485bbfb2c9577ee0bf1d,2009-05-11
0956d6b88b844c9ab4a71468fe9e9949,a15d69138144485bbfb2c9577ee0bf1d,1981-07-13
6c9e9bffbcda45b6b2e1bffb54517fc5,9ef75f425d2742518cbe975ae1c8b730,1971-05-28
1f47afd1d0a84b0fba6ebc1ff6d8395b,3157053419d944358553f45089d6bc0d,1997-10-04
9ef75f425d2742518cbe975ae1c8b730,de353dee98394bc88a791a055600ee38,1993-01-24
8141c00c942941cb9782747328ba38c2,b914a6cc07b1434a834b6487538723f2,1998-12-18
c39a9acc7ba641a8aa23b0f3e85c3d29,186bf50cbb714b05b42ef061ff2dc930,2006-07-02
f786f16c47a84864964452ff56c4465a,3ad5ae3241fe4761a1cc1abe7202780a,1991-09-11
3deef25e2e6f4605b9e0f607ea404ebb,2f5cff69b02d473ab8ae25a60a81a80f,1991-10-12
09a6763e89334573ab9e3040b845b475,3157053419d944358553f45089d6bc0d,2019-10-13
b4d6716cad874a8ab62a1ccd43c3202a,cab1a79ea19c43978451504a37dcdbb9,2003-02-14
487bb08bfb8d431ebd5c8064dc2e79c9,c39a9acc7ba641a8aa23b0f3e85c3d29,1982-07-08
186bf50cbb714b05b42ef061ff2dc930,c39a9acc7ba641a8aa23b0f3e85c3d29,2014-09-10
ef17572876464d1c996025f7aced77c8,72981bbb5c534edc856461b5c44c2c85,2013-02-01
72981bbb5c534edc856461b5c44c2c85,387a31b2f7b1463bb034342a0b74ba0b,1975-11-24
95b9500fa40d488b82dbc9d1701cb98a,ff96b049280f4a70b62d25500704e5cf,2005-02-01
aca8b4078c4340379ece6574196a89da,fbb2fe625b814ce58b4af48264897828,2008-03-06
6084d7e5fd974c5cb6b502fcceff5abc,915002e1e62443ca87a39fbf473611ef,1981-03-16
e8ba82d45b6d46d5b192e31e3aeaa77e,63414b9f99904f02bd194e4ed8b5368f,2013-06-15
3deef25e2e6f4605b9e0f607ea404ebb,186bf50cbb714b05b42ef061ff2dc930,2018-06-16
112afccdffb54134980718d8ef52cb1b,cab1a79ea19c43978451504a37dcdbb9,1995-11-16
32ba849ad5aa499d94304f7d8c606d0a,112afccdffb54134980718d8ef52cb1b,1976-09-14
4accac8271f449cb93fc0a9125bf31ff,a15d69138144485bbfb2c9577ee0bf1d,1979-10-11
b4d6716cad874a8ab62a1ccd43c3202a,d585e66f5320454583fa4b6840a7ab4f,1992-07-13
b0de7ddf2a7e4abaa939697ac80496f4,f786f16c47a84864964452ff56c4465a,1999-10-29
4cd3eb7a075146be9add0f1019113b26,40f6921a00b044e99bff1190013816c9,1984-05-03
6600ac6bc58d4efa89fd0a172bff77dc,4df92775589a4687beaac5bb3fdb3b63,2012-10-06
02b379d3f1f84357af448b71a7b704a0,63414b9f99904f02bd194e4ed8b5368f,1994-06-16
77afcd76ec584c22b737946700516a34,3deef25e2e6f4605b9e0f607ea404ebb,1977-02-07
6084d7e5fd974c5cb6b502fcceff5abc,2f5cff69b02d473ab8ae25a60a81a80f,1996-03-14
04bc576582004ce78db26a10fc7be96b,b0de7ddf2a7e4abaa939697ac80496f4,1984-08-26
32ba849ad5aa499d94304f7d8c606d0a,387a31b2f7b1463bb034342a0b74ba0b,2003-11-29
ef4742c7860048a9a023081b7122a8d1,38c68b893a934d96a06b1399dc690b4a,2004-11-21
fbb2fe625b814ce58b4af48264897828,686027b9fc7b4d8782768cca9cd047a1,1991-12-06
3deef25e2e6f4605b9e0f607ea404ebb,66f6f6aa3a434eef870c3b0824cb5109,1999-10-03
186bf50cbb714b05b42ef061ff2dc930,36a6491e23234f308f68109ced927093,2007-11-23
6c9e9bffbcda45b6b2e1bffb54517fc5,487bb08bfb8d431ebd5c8064dc2e79c9,2009-03-27
c9d663d1380d4a28b3f2a1933b1d7232,487bb08bfb8d431ebd5c8064dc2e79c9,2004-09-07
5d6435759cc7416c8fb1e99717644488,c9d663d1380d4a28b3f2a1933b1d7232,1978-05-28
c68c9e1ce5834a75a8d5d76826440673,36a6491e23234f308f68109ced927093,1993-04-18
21c8abbb3a1147bcbffd655492201919,f786f16c47a84864964452ff56c4465a,1978-11-30
38c68b893a934d96a06b1399dc690b4a,c24bfbb72997496aa4b2c071441f2510,2018-12-24
bcd8bc351cec44a791b458502483a367,fbb2fe625b814ce58b4af48264897828,1995-05-11
9b775bcb3f2e4819944de2208337b61a,45650ef8b37449d3ab5c4c2a09316c19,1996-07-23
83db26ab6b62431eac2b277c2f4ff17e,a15d69138144485bbfb2c9577ee0bf1d,2001-02-06
112afccdffb54134980718d8ef52cb1b,0920d37a891b4bcba41f5eecb9180652,1995-12-19
5d6435759cc7416c8fb1e99717644488,598dc6d23ecf4addbfacd7fe600ed1a4,2018-05-12
2b11273103564b9187a43df5ef300b5a,aca8b4078c4340379ece6574196a89da,1980-02-24
487bb08bfb8d431ebd5c8064dc2e79c9,5c311e79a45f48c2a746ff66884489da,2016-03-14
3157053419d944358553f45089d6bc0d,c2ab8868f58c4516b1013d2d64510b57,1984-12-03
60c81491f37841a0ae512b483bb06958,97fbc042fb4b40378c2eb75e983d2e2b,1979-10-30
a973e2fae2764704b5d1ee773e4ec179,4cd3eb7a075146be9add0f1019113b26,2001-05-01
83db26ab6b62431eac2b277c2f4ff17e,83db26ab6b62431eac2b277c2f4ff17e,1992-01-14
0920d37a891b4bcba41f5eecb9180652,60c81491f37841a0ae512b483bb06958,2015-05-17
fbb2fe625b814ce58b4af48264897828,a6abdfaa51f44c78af4de9182e4d48f9,1970-01-06
c2ab8868f58c4516b1013d2d64510b57,9a5f1ddc106343ab9291a1507f75dc7c,2001-01-01
70d03a7954a741d096db308e54646311,3a80b85e7f7f413faafb0c576f898b98,1997-04-27
b0de7ddf2a7e4abaa939697ac80496f4,747eab258134412f8a4ab8e678ceb357,1997-10-10
9ef75f425d2742518cbe975ae1c8b730,c39a9acc7ba641a8aa23b0f3e85c3d29,2008-12-21
f4deffbd9aa5429db69581f8132f848e,7d066653263a4eec81846a7e78765ed1,1992-12-29
84717e3407024643b9767ad08b5f7811,45650ef8b37449d3ab5c4c2a09316c19,2011-07-26
6d633dde80e74a6883bb5d45dcb5432b,487bb08bfb8d431ebd5c8064dc2e79c9,2001-10-29
c2ab8868f58c4516b1013d2d64510b57,f4deffbd9aa5429db69581f8132f848e,2020-04-23
84717e3407024643b9767ad08b5f7811,915002e1e62443ca87a39fbf473611ef,1978-02-18
83db26ab6b62431eac2b277c2f4ff17e,747eab258134412f8a4ab8e678ceb357,2020-04-22
cab1a79ea19c43978451504a37dcdbb9,a973e2fae2764704b5d1ee773e4ec179,2011-05-23
bcd8bc351cec44a791b458502483a367,38c68b893a934d96a06b1399dc690b4a,1987-10-01
f4deffbd9aa5429db69581f8132f848e,85f5aac4bf01469a8d1ef5a03f195ead,1984-03-07
5d6435759cc7416c8fb1e99717644488,02b379d3f1f84357af448b71a7b704a0,1977-07-02
8632c11ff8184ba98b3b89228121feef,be1258f9219c4c93b66f206088594146,1980-05-29
8174ca21f93e4d55a4c50b06055d1ef7,84717e3407024643b9767ad08b5f7811,1991-07-09
ff96b049280f4a70b62d25500704e5cf,fdb2ffed4c8c48579f5bbeb270cc1e9c,2011-06-09
0920d37a891b4bcba41f5eecb9180652,38c68b893a934d96a06b1399dc690b4a,2018-03-28
f4deffbd9aa5429db69581f8132f848e,aca8b4078c4340379ece6574196a89da,1988-01-09
09a6763e89334573ab9e3040b845b475,3fd2a295be874aa7a96e040b9e9aece6,1979-12-30
d585e66f5320454583fa4b6840a7ab4f,212c173e27504e61a2ce7f781d2a2167,2008-01-03
57a158d4a0184c9aa594b546f6465037,d585e66f5320454583fa4b6840a7ab4f,2015-11-15
841163f61f164011ada98f4cd322a030,9a61ad083ab1406e96967c21a6bea695,2000-05-16
a15d69138144485bbfb2c9577ee0bf1d,598dc6d23ecf4addbfacd7fe600ed1a4,2000-03-20
a973e2fae2764704b5d1ee773e4ec179,30a9e73155a84674896d0bc8deb80e9a,1973-06-03
63414b9f99904f02bd194e4ed8b5368f,ef17572876464d1c996025f7aced77c8,2008-03-23
841163f61f164011ada98f4cd322a030,4df92775589a4687beaac5bb3fdb3b63,2002-01-12
7764b29b0f1142b3afc9bdd915f60dfc,2f5cff69b02d473ab8ae25a60a81a80f,1992-04-29
8141c00c942941cb9782747328ba38c2,b4d6716cad874a8ab62a1ccd43c3202a,2007-01-25
15ed127c932844c0ae8c0337c5f1be15,57a158d4a0184c9aa594b546f6465037,2000-04-02
66f6f6aa3a434eef870c3b0824cb5109,834d0f0434474c408a64c062750b2c9e,2013-03-05
30a9e73155a84674896d0bc8deb80e9a,a6abdfaa51f44c78af4de9182e4d48f9,2003-04-22
387a31b2f7b1463bb034342a0b74ba0b,1f47afd1d0a84b0fba6ebc1ff6d8395b,2015-08-23
32ba849ad5aa499d94304f7d8c606d0a,6c9e9bffbcda45b6b2e1bffb54517fc5,2015-03-13
21c8abbb3a1147bcbffd655492201919,747eab258134412f8a4ab8e678ceb357,1990-12-07
30a9e73155a84674896d0bc8deb80e9a,ef17572876464d1c996025f7aced77c8,2018-12-22
66f6f6aa3a434eef870c3b0824cb5109,a973e2fae2764704b5d1ee773e4ec179,1984-06-25
c24bfbb72997496aa4b2c071441f2510,c39a9acc7ba641a8aa23b0f3e85c3d29,1982-12-04
487bb08bfb8d431ebd5c8064dc2e79c9,3157053419d944358553f45089d6bc0d,2010-06-17
112afccdffb54134980718d8ef52cb1b,be1258f9219c4c93b66f206088594146,1985-05-21
f786f16c47a84864964452ff56c4465a,95b9500fa40d488b82dbc9d1701cb98a,2015-09-28
72981bbb5c534edc856461b5c44c2c85,3deef25e2e6f4605b9e0f607ea404ebb,1995-06-12
4df92775589a4687beaac5bb3fdb3b63,04bc576582004ce78db26a10fc7be96b,2008-05-27
6600ac6bc58d4efa89fd0a172bff77dc,ee6d07fd60124fab8aca2e3a15a3f0ef,1999-01-26
c2ab8868f58c4516b1013d2d64510b57,40f6921a00b044e99bff1190013816c9,1992-04-21
63414b9f99904f02bd194e4ed8b5368f,6c9e9bffbcda45b6b2e1bffb54517fc5,1977-01-19
21c8abbb3a1147bcbffd655492201919,be1258f9219c4c93b66f206088594146,1980-11-23
30a9e73155a84674896d0bc8deb80e9a,c2ab8868f58c4516b1013d2d64510b57,1973-04-02
8174ca21f93e4d55a4c50b06055d1ef7,b0de7ddf2a7e4abaa939697ac80496f4,2013-08-11
7d066653263a4eec81846a7e78765ed1,ef4742c7860048a9a023081b7122a8d1,1970-12-14
3ad5ae3241fe4761a1cc1abe7202780a,f786f16c47a84864964452ff56c4465a,1979-10-19
834d0f0434474c408a64c062750b2c9e,57a158d4a0184c9aa594b546f6465037,1972-09-13
a15d69138144485bbfb2c9577ee0bf1d,84717e3407024643b9767ad08b5f7811,1979-08-12
4fd948375e7a441f882f7a57196612c6,d39bfd53c97f483e8484326639ecbe49,2004-07-10
387a31b2f7b1463bb034342a0b74ba0b,21c8abbb3a1147bcbffd655492201919,1993-07-06
9ef75f425d2742518cbe975ae1c8b730,09a6763e89334573ab9e3040b845b475,1990-09-09
4accac8271f449cb93fc0a9125bf31ff,5d6435759cc7416c8fb1e99717644488,2002-01-24
ef4742c7860048a9a023081b7122a8d1,15ed127c932844c0ae8c0337c5f1be15,2013-04-13
387a31b2f7b1463bb034342a0b74ba0b,a15d69138144485bbfb2c9577ee0bf1d,2019-02-20
66f6f6aa3a434eef870c3b0824cb5109,e8ba82d45b6d46d5b192e31e3aeaa77e,1993-02-27
598dc6d23ecf4addbfacd7fe600ed1a4,cab1a79ea19c43978451504a37dcdbb9,1984-12-29
b0de7ddf2a7e4abaa939697ac80496f4,cab1a79ea19c43978451504a37dcdbb9,1994-03-26
7d066653263a4eec81846a7e78765ed1,598dc6d23ecf4addbfacd7fe600ed1a4,2016-05-22
a6abdfaa51f44c78af4de9182e4d48f9,60c81491f37841a0ae512b483bb06958,1988-01-14
d39bfd53c97f483e8484326639ecbe49,77afcd76ec584c22b737946700516a34,2001-04-03
9b775bcb3f2e4819944de2208337b61a,9a5f1ddc106343ab9291a1507f75dc7c,2002-02-14
1cc27d1d22a6475aa911a29a9eb1918f,e5e482d5d5eb40d1a8c26d50ee8232b9,1970-09-21
fdb2ffed4c8c48579f5bbeb270cc1e9c,2f5cff69b02d473ab8ae25a60a81a80f,1975-10-19
ef4742c7860048a9a023081b7122a8d1,fbb2fe625b814ce58b4af48264897828,1975-07-02
8141c00c942941cb9782747328ba38c2,f4deffbd9aa5429db69581f8132f848e,2013-06-11
32ba849ad5aa499d94304f7d8c606d0a,a6abdfaa51f44c78af4de9182e4d48f9,1999-08-08
3157053419d944358553f45089d6bc0d,8141c00c942941cb9782747328ba38c2,2016-05-22
1cc27d1d22a6475aa911a29a9eb1918f,8174ca21f93e4d55a4c50b06055d1ef7,1978-06-09
4accac8271f449cb93fc0a9125bf31ff,c39a9acc7ba641a8aa23b0f3e85c3d29,2011-04-16
de353dee98394bc88a791a055600ee38,30a9e73155a84674896d0bc8deb80e9a,1970-05-24
c2ab8868f58c4516b1013d2d64510b57,2f3e4a61d64042a6a77508d07339881a,2019-11-09
3157053419d944358553f45089d6bc0d,de353dee98394bc88a791a055600ee38,2009-03-11
3157053419d944358553f45089d6bc0d,8174ca21f93e4d55a4c50b06055d1ef7,2002-05-21
40f6921a00b044e99bff1190013816c9,6600ac6bc58d4efa89fd0a172bff77dc,1990-11-07
5d6435759cc7416c8fb1e99717644488,b4d6716cad874a8ab62a1ccd43c3202a,2001-10-26
b4d6716cad874a8ab62a1ccd43c3202a,45650ef8b37449d3ab5c4c2a09316c19,1992-10-22
a15d69138144485bbfb2c9577ee0bf1d,46c37a242aec4248b1e05f944ba98c09,1970-12-04
5c311e79a45f48c2a746ff66884489da,212c173e27504e61a2ce7f781d2a2167,2018-07-25
70d03a7954a741d096db308e54646311,2b11273103564b9187a43df5ef300b5a,2012-04-28
d585e66f5320454583fa4b6840a7ab4f,97fbc042fb4b40378c2eb75e983d2e2b,1990-04-30
70d03a7954a741d096db308e54646311,3ad5ae3241fe4761a1cc1abe7202780a,1979-10-05
09a6763e89334573ab9e3040b845b475,97fbc042fb4b40378c2eb75e983d2e2b,1979-07-15
487bb08bfb8d431ebd5c8064dc2e79c9,4df92775589a4687beaac5bb3fdb3b63,2019-10-11
4fd948375e7a441f882f7a57196612c6,60c81491f37841a0ae512b483bb06958,1987-05-08
30a9e73155a84674896d0bc8deb80e9a,2f3e4a61d64042a6a77508d07339881a,1994-03-10
834d0f0434474c408a64c062750b2c9e,72981bbb5c534edc856461b5c44c2c85,1972-09-09
fbb2fe625b814ce58b4af48264897828,6600ac6bc58d4efa89fd0a172bff77dc,1994-07-11
95b9500fa40d488b82dbc9d1701cb98a,ff96b049280f4a70b62d25500704e5cf,1990-08-01
0956d6b88b844c9ab4a71468fe9e9949,6084d7e5fd974c5cb6b502fcceff5abc,1982-03-18
b0de7ddf2a7e4abaa939697ac80496f4,deaeeaa4dca449fb8553b4ac2b0c274d,1980-03-29
1cc27d1d22a6475aa911a29a9eb1918f,3157053419d944358553f45089d6bc0d,1979-10-20
95b9500fa40d488b82dbc9d1701cb98a,3fd2a295be874aa7a96e040b9e9aece6,1999-02-24
7a91ecfc0b64421d848a5491bc6e8636,9a61ad083ab1406e96967c21a6bea695,1972-12-06
c39a9acc7ba641a8aa23b0f3e85c3d29,63414b9f99904f02bd194e4ed8b5368f,2006-08-31
7a91ecfc0b64421d848a5491bc6e8636,3fd2a295be874aa7a96e040b9e9aece6,2009-03-31
4cd3eb7a075146be9add0f1019113b26,62748f79867d4c1daec86ebd027f8713,1985-04-02
3157053419d944358553f45089d6bc0d,36a6491e23234f308f68109ced927093,1975-03-30
ff96b049280f4a70b62d25500704e5cf,04bc576582004ce78db26a10fc7be96b,1970-06-21
ee6d07fd60124fab8aca2e3a15a3f0ef,85f5aac4bf01469a8d1ef5a03f195ead,2019-09-14
57a158d4a0184c9aa594b546f6465037,cab1a79ea19c43978451504a37dcdbb9,2006-03-23
8174ca21f93e4d55a4c50b06055d1ef7,8632c11ff8184ba98b3b89228121feef,1987-12-21
3fd2a295be874aa7a96e040b9e9aece6,8632c11ff8184ba98b3b89228121feef,1973-01-16
b9833561e874497e97e32e7354dea8ea,b914a6cc07b1434a834b6487538723f2,1990-01-12
b0de7ddf2a7e4abaa939697ac80496f4,8174ca21f93e4d55a4c50b06055d1ef7,1982-08-19
30a9e73155a84674896d0bc8deb80e9a,be1258f9219c4c93b66f206088594146,2007-02-11
a15d69138144485bbfb2c9577ee0bf1d,4fd948375e7a441f882f7a57196612c6,1985-10-21
21c8abbb3a1147bcbffd655492201919,841163f61f164011ada98f4cd322a030,2012-02-20
8632c11ff8184ba98b3b89228121feef,2f5cff69b02d473ab8ae25a60a81a80f,1995-07-08
ef4742c7860048a9a023081b7122a8d1,9a5f1ddc106343ab9291a1507f75dc7c,1993-10-08
83db26ab6b62431eac2b277c2f4ff17e,60c81491f37841a0ae512b483bb06958,1999-06-24
4fd948375e7a441f882f7a57196612c6,97fbc042fb4b40378c2eb75e983d2e2b,1971-11-01
5d6435759cc7416c8fb1e99717644488,7a91ecfc0b64421d848a5491bc6e8636,1973-04-15
c2ab8868f58c4516b1013d2d64510b57,a6abdfaa51f44c78af4de9182e4d48f9,1979-11-06
915002e1e62443ca87a39fbf473611ef,9a5f1ddc106343ab9291a1507f75dc7c,1975-02-10
598dc6d23ecf4addbfacd7fe600ed1a4,21c8abbb3a1147bcbffd655492201919,2010-04-03
834d0f0434474c408a64c062750b2c9e,8141c00c942941cb9782747328ba38c2,1992-03-25
bcd8bc351cec44a791b458502483a367,a15d69138144485bbfb2c9577ee0bf1d,2002-04-11
ee6d07fd60124fab8aca2e3a15a3f0ef,7764b29b0f1142b3afc9bdd915f60dfc,1986-06-01
841163f61f164011ada98f4cd322a030,c24bfbb72997496aa4b2c071441f2510,1979-04-04
3deef25e2e6f4605b9e0f607ea404ebb,c39a9acc7ba641a8aa23b0f3e85c3d29,1985-09-28
b9833561e874497e97e32e7354dea8ea,66f6f6aa3a434eef870c3b0824cb5109,2001-06-27
9b775bcb3f2e4819944de2208337b61a,841163f61f164011ada98f4cd322a030,1970-07-29
b0de7ddf2a7e4abaa939697ac80496f4,ff96b049280f4a70b62d25500704e5cf,2010-05-30
387a31b2f7b1463bb034342a0b74ba0b,09a6763e89334573ab9e3040b845b475,2012-06-05
d585e66f5320454583fa4b6840a7ab4f,2f3e4a61d64042a6a77508d07339881a,1984-04-15
1e8c1f3dac9f4279ae64fc5ed4d10f4c,45650ef8b37449d3ab5c4c2a09316c19,2019-12-10
f786f16c47a84864964452ff56c4465a,387a31b2f7b1463bb034342a0b74ba0b,2005-10-01
b9833561e874497e97e32e7354dea8ea,5d6435759cc7416c8fb1e99717644488,2004-01-27
2f5cff69b02d473ab8ae25a60a81a80f,95b9500fa40d488b82dbc9d1701cb98a,2005-04-23
8632c11ff8184ba98b3b89228121feef,d585e66f5320454583fa4b6840a7ab4f,1987-11-24
5c311e79a45f48c2a746ff66884489da,fbb2fe625b814ce58b4af48264897828,1982-01-12
1cc27d1d22a6475aa911a29a9eb1918f,186bf50cbb714b05b42ef061ff2dc930,1998-10-31
1e8c1f3dac9f4279ae64fc5ed4d10f4c,7d066653263a4eec81846a7e78765ed1,2012-02-08
aca8b4078c4340379ece6574196a89da,09a6763e89334573ab9e3040b845b475,1980-07-19
3157053419d944358553f45089d6bc0d,f786f16c47a84864964452ff56c4465a,2003-10-02
15ed127c932844c0ae8c0337c5f1be15,3fd2a295be874aa7a96e040b9e9aece6,1979-04-07
1cc27d1d22a6475aa911a29a9eb1918f,9a5f1ddc106343ab9291a1507f75dc7c,1984-05-05
d39bfd53c97f483e8484326639ecbe49,d39bfd53c97f483e8484326639ecbe49,2001-09-09
b9833561e874497e97e32e7354dea8ea,1e8c1f3dac9f4279ae64fc5ed4d10f4c,2019-11-30
e8ba82d45b6d46d5b192e31e3aeaa77e,a6abdfaa51f44c78af4de9182e4d48f9,1992-03-07
b0de7ddf2a7e4abaa939697ac80496f4,0956d6b88b844c9ab4a71468fe9e9949,2006-03-28
a973e2fae2764704b5d1ee773e4ec179,83db26ab6b62431eac2b277c2f4ff17e,1986-05-13
f4deffbd9aa5429db69581f8132f848e,b0de7ddf2a7e4abaa939697ac80496f4,1987-08-13
1e8c1f3dac9f4279ae64fc5ed4d10f4c,9a5f1ddc106343ab9291a1507f75dc7c,1972-12-27
ff96b049280f4a70b62d25500704e5cf,6d633dde80e74a6883bb5d45dcb5432b,1994-12-26
598dc6d23ecf4addbfacd7fe600ed1a4,186bf50cbb714b05b42ef061ff2dc930,1974-06-29
95b9500fa40d488b82dbc9d1701cb98a,15ed127c932844c0ae8c0337c5f1be15,2016-01-08
4df92775589a4687beaac5bb3fdb3b63,b9833561e874497e97e32e7354dea8ea,1984-10-24
9ef75f425d2742518cbe975ae1c8b730,4cd3eb7a075146be9add0f1019113b26,2013-01-11
4cd3eb7a075146be9add0f1019113b26,15ed127c932844c0ae8c0337c5f1be15,1975-07-28
6d633dde80e74a6883bb5d45dcb5432b,84717e3407024643b9767ad08b5f7811,2003-03-27
60c81491f37841a0ae512b483bb06958,38c68b893a934d96a06b1399dc690b4a,1989-10-20
841163f61f164011ada98f4cd322a030,7764b29b0f1142b3afc9bdd915f60dfc,1983-04-14
686027b9fc7b4d8782768cca9cd047a1,84717e3407024643b9767ad08b5f7811,2017-07-03
c24bfbb72997496aa4b2c071441f2510,ef17572876464d1c996025f7aced77c8,1985-03-20
40f6921a00b044e99bff1190013816c9,4df92775589a4687beaac5bb3fdb3b63,2003-10-13
6084d7e5fd974c5cb6b502fcceff5abc,45650ef8b37449d3ab5c4c2a09316c19,1998-03-18
16abef5f405141af931787327b47c034,b0de7ddf2a7e4abaa939697ac80496f4,1997-07-11
5c311e79a45f48c2a746ff66884489da,c2ab8868f58c4516b1013d2d64510b57,1973-01-24
2f5cff69b02d473ab8ae25a60a81a80f,95b9500fa40d488b82dbc9d1701cb98a,1982-09-10
e5e482d5d5eb40d1a8c26d50ee8232b9,9a5f1ddc106343ab9291a1507f75dc7c,2017-12-16
9ef75f425d2742518cbe975ae1c8b730,112afccdffb54134980718d8ef52cb1b,1995-04-24
387a31b2f7b1463bb034342a0b74ba0b,d585e66f5320454583fa4b6840a7ab4f,2019-01-16
1cc27d1d22a6475aa911a29a9eb1918f,fdb2ffed4c8c48579f5bbeb270cc1e9c,2005-06-30
b9833561e874497e97e32e7354dea8ea,4cd3eb7a075146be9add0f1019113b26,1984-08-11
6600ac6bc58d4efa89fd0a172bff77dc,16abef5f405141af931787327b47c034,1991-06-14
02b379d3f1f84357af448b71a7b704a0,fdb2ffed4c8c48579f5bbeb270cc1e9c,1980-06-16
915002e1e62443ca87a39fbf473611ef,e5e482d5d5eb40d1a8c26d50ee8232b9,1983-01-27
97fbc042fb4b40378c2eb75e983d2e2b,9a61ad083ab1406e96967c21a6bea695,1991-12-09
4accac8271f449cb93fc0a9125bf31ff,a973e2fae2764704b5d1ee773e4ec179,1974-11-09
4cd3eb7a075146be9add0f1019113b26,4accac8271f449cb93fc0a9125bf31ff,1995-05-02
598dc6d23ecf4addbfacd7fe600ed1a4,3deef25e2e6f4605b9e0f607ea404ebb,1982-01-16
841163f61f164011ada98f4cd322a030,bcd8bc351cec44a791b458502483a367,1983-12-07
9a61ad083ab1406e96967c21a6bea695,3deef25e2e6f4605b9e0f607ea404ebb,1994-12-20
77afcd76ec584c22b737946700516a34,95b9500fa40d488b82dbc9d1701cb98a,2006-01-04
186bf50cbb714b05b42ef061ff2dc930,e8ba82d45b6d46d5b192e31e3aeaa77e,1991-05-06
3ad5ae3241fe4761a1cc1abe7202780a,36a6491e23234f308f68109ced927093,1981-08-22
32ba849ad5aa499d94304f7d8c606d0a,b914a6cc07b1434a834b6487538723f2,1994-09-11
d39bfd53c97f483e8484326639ecbe49,ee6d07fd60124fab8aca2e3a15a3f0ef,2011-04-14
8174ca21f93e4d55a4c50b06055d1ef7,62748f79867d4c1daec86ebd027f8713,2000-03-04
de353dee98394bc88a791a055600ee38,97fbc042fb4b40378c2eb75e983d2e2b,1977-01-19
46c37a242aec4248b1e05f944ba98c09,3157053419d944358553f45089d6bc0d,1979-01-19
212c173e27504e61a2ce7f781d2a2167,62748f79867d4c1daec86ebd027f8713,1990-01-17
40f6921a00b044e99bff1190013816c9,4accac8271f449cb93fc0a9125bf31ff,2018-10-04
36a6491e23234f308f68109ced927093,b9833561e874497e97e32e7354dea8ea,1985-05-14
62748f79867d4c1daec86ebd027f8713,77afcd76ec584c22b737946700516a34,1975-11-19
387a31b2f7b1463bb034342a0b74ba0b,0920d37a891b4bcba41f5eecb9180652,1974-04-25
38c68b893a934d96a06b1399dc690b4a,21c8abbb3a1147bcbffd655492201919,2019-04-23
b914a6cc07b1434a834b6487538723f2,b914a6cc07b1434a834b6487538723f2,1987-02-10
40f6921a00b044e99bff1190013816c9,a973e2fae2764704b5d1ee773e4ec179,2009-05-17
46c37a242aec4248b1e05f944ba98c09,72981bbb5c534edc856461b5c44c2c85,1978-03-09
36a6491e23234f308f68109ced927093,63414b9f99904f02bd194e4ed8b5368f,1992-06-09
2b11273103564b9187a43df5ef300b5a,8632c11ff8184ba98b3b89228121feef,1972-04-02
60c81491f37841a0ae512b483bb06958,2b11273103564b9187a43df5ef300b5a,1971-03-16
212c173e27504e61a2ce7f781d2a2167,c24bfbb72997496aa4b2c071441f2510,1994-12-12
b914a6cc07b1434a834b6487538723f2,1f47afd1d0a84b0fba6ebc1ff6d8395b,1981-07-26
ff96b049280f4a70b62d25500704e5cf,a15d69138144485bbfb2c9577ee0bf1d,1972-03-04
ee6d07fd60124fab8aca2e3a15a3f0ef,8174ca21f93e4d55a4c50b06055d1ef7,2010-06-24
1e8c1f3dac9f4279ae64fc5ed4d10f4c,84717e3407024643b9767ad08b5f7811,1985-01-03
387a31b2f7b1463bb034342a0b74ba0b,6d633dde80e74a6883bb5d45dcb5432b,2018-12-02
d585e66f5320454583fa4b6840a7ab4f,ef17572876464d1c996025f7aced77c8,1982-04-10
45650ef8b37449d3ab5c4c2a09316c19,7764b29b0f1142b3afc9bdd915f60dfc,2000-09-16
16abef5f405141af931787327b47c034,2b11273103564b9187a43df5ef300b5a,1970-05-27
63414b9f99904f02bd194e4ed8b5368f,30a9e73155a84674896d0bc8deb80e9a,1986-09-07
9b775bcb3f2e4819944de2208337b61a,c2ab8868f58c4516b1013d2d64510b57,2002-08-29
85f5aac4bf01469a8d1ef5a03f195ead,9a61ad083ab1406e96967c21a6bea695,2013-03-03
09a6763e89334573ab9e3040b845b475,c39a9acc7ba641a8aa23b0f3e85c3d29,1971-08-15
3fd2a295be874aa7a96e040b9e9aece6,9a61ad083ab1406e96967c21a6bea695,1978-04-18
60c81491f37841a0ae512b483bb06958,112afccdffb54134980718d8ef52cb1b,1989-03-28
e5e482d5d5eb40d1a8c26d50ee8232b9,cab1a79ea19c43978451504a37dcdbb9,1988-03-13
1f47afd1d0a84b0fba6ebc1ff6d8395b,9a61ad083ab1406e96967c21a6bea695,1986-11-11
212c173e27504e61a2ce7f781d2a2167,45650ef8b37449d3ab5c4c2a09316c19,2000-01-17
1cc27d1d22a6475aa911a29a9eb1918f,62748f79867d4c1daec86ebd027f8713,1982-01-15
ff96b049280f4a70b62d25500704e5cf,b9833561e874497e97e32e7354dea8ea,1995-11-22
598dc6d23ecf4addbfacd7fe600ed1a4,85f5aac4bf01469a8d1ef5a03f195ead,2004-11-28
212c173e27504e61a2ce7f781d2a2167,fbb2fe625b814ce58b4af48264897828,1972-10-16
30a9e73155a84674896d0bc8deb80e9a,6084d7e5fd974c5cb6b502fcceff5abc,1978-07-07
de353dee98394bc88a791a055600ee38,0956d6b88b844c9ab4a71468fe9e9949,1990-03-15
4df92775589a4687beaac5bb3fdb3b63,4accac8271f449cb93fc0a9125bf31ff,2019-01-21
46c37a242aec4248b1e05f944ba98c09,b914a6cc07b1434a834b6487538723f2,2010-11-24
6600ac6bc58d4efa89fd0a172bff77dc,84717e3407024643b9767ad08b5f7811,2012-10-18
ff96b049280f4a70b62d25500704e5cf,598dc6d23ecf4addbfacd7fe600ed1a4,1978-03-20
e5e482d5d5eb40d1a8c26d50ee8232b9,38c68b893a934d96a06b1399dc690b4a,2015-04-21
487bb08bfb8d431ebd5c8064dc2e79c9,a6abdfaa51f44c78af4de9182e4d48f9,1971-07-16
3a80b85e7f7f413faafb0c576f898b98,c2ab8868f58c4516b1013d2d64510b57,1971-05-09
62748f79867d4c1daec86ebd027f8713,95b9500fa40d488b82dbc9d1701cb98a,1994-05-10
387a31b2f7b1463bb034342a0b74ba0b,387a31b2f7b1463bb034342a0b74ba0b,2006-05-23
8632c11ff8184ba98b3b89228121feef,aca8b4078c4340379ece6574196a89da,1978-02-04
686027b9fc7b4d8782768cca9cd047a1,0956d6b88b844c9ab4a71468fe9e9949,1983-03-20
57a158d4a0184c9aa594b546f6465037,aca8b4078c4340379ece6574196a89da,2002-10-18
7764b29b0f1142b3afc9bdd915f60dfc,598dc6d23ecf4addbfacd7fe600ed1a4,1980-06-11
487bb08bfb8d431ebd5c8064dc2e79c9,3a80b85e7f7f413faafb0c576f898b98,1988-05-08
9b775bcb3f2e4819944de2208337b61a,4df92775589a4687beaac5bb3fdb3b63,1993-01-06
c24bfbb72997496aa4b2c071441f2510,be1258f9219c4c93b66f206088594146,2014-05-12
f786f16c47a84864964452ff56c4465a,40f6921a00b044e99bff1190013816c9,1988-11-17
834d0f0434474c408a64c062750b2c9e,d39bfd53c97f483e8484326639ecbe49,2007-09-07
deaeeaa4dca449fb8553b4ac2b0c274d,8141c00c942941cb9782747328ba38c2,2005-06-25
b0de7ddf2a7e4abaa939697ac80496f4,97fbc042fb4b40378c2eb75e983d2e2b,1994-08-18
30a9e73155a84674896d0bc8deb80e9a,6600ac6bc58d4efa89fd0a172bff77dc,1996-01-23
841163f61f164011ada98f4cd322a030,a6abdfaa51f44c78af4de9182e4d48f9,2001-01-14
0920d37a891b4bcba41f5eecb9180652,1cc27d1d22a6475aa911a29a9eb1918f,1972-01-17
95b9500fa40d488b82dbc9d1701cb98a,7764b29b0f1142b3afc9bdd915f60dfc,1989-01-19
de353dee98394bc88a791a055600ee38,ef4742c7860048a9a023081b7122a8d1,2020-02-22
a6abdfaa51f44c78af4de9182e4d48f9,45650ef8b37449d3ab5c4c2a09316c19,2007-11-01
9b775bcb3f2e4819944de2208337b61a,fdb2ffed4c8c48579f5bbeb270cc1e9c,1977-12-28
16abef5f405141af931787327b47c034,212c173e27504e61a2ce7f781d2a2167,1984-06-05
2f5cff69b02d473ab8ae25a60a81a80f,15ed127c932844c0ae8c0337c5f1be15,1970-12-31
38c68b893a934d96a06b1399dc690b4a,46c37a242aec4248b1e05f944ba98c09,2000-04-26
57a158d4a0184c9aa594b546f6465037,186bf50cbb714b05b42ef061ff2dc930,1993-08-01
387a31b2f7b1463bb034342a0b74ba0b,c2ab8868f58c4516b1013d2d64510b57,2011-05-22
4df92775589a4687beaac5bb3fdb3b63,30a9e73155a84674896d0bc8deb80e9a,2018-03-04
186bf50cbb714b05b42ef061ff2dc930,85f5aac4bf01469a8d1ef5a03f195ead,1982-05-20
915002e1e62443ca87a39fbf473611ef,2b11273103564b9187a43df5ef300b5a,1996-02-29
3ad5ae3241fe4761a1cc1abe7202780a,915002e1e62443ca87a39fbf473611ef,2015-03-09
ff96b049280f4a70b62d25500704e5cf,3ad5ae3241fe4761a1cc1abe7202780a,1974-08-28
57a158d4a0184c9aa594b546f6465037,70d03a7954a741d096db308e54646311,1998-06-29
9a5f1ddc106343ab9291a1507f75dc7c,deaeeaa4dca449fb8553b4ac2b0c274d,1982-11-15
0920d37a891b4bcba41f5eecb9180652,fbb2fe625b814ce58b4af48264897828,1995-08-15
5d6435759cc7416c8fb1e99717644488,915002e1e62443ca87a39fbf473611ef,2005-07-13
598dc6d23ecf4addbfacd7fe600ed1a4,8141c00c942941cb9782747328ba38c2,1977-01-08
62748f79867d4c1daec86ebd027f8713,2f5cff69b02d473ab8ae25a60a81a80f,1978-07-12
8174ca21f93e4d55a4c50b06055d1ef7,63414b9f99904f02bd194e4ed8b5368f,1981-12-12
60c81491f37841a0ae512b483bb06958,16abef5f405141af931787327b47c034,2001-04-19
9a5f1ddc106343ab9291a1507f75dc7c,d39bfd53c97f483e8484326639ecbe49,2003-03-25
3fd2a295be874aa7a96e040b9e9aece6,b9833561e874497e97e32e7354dea8ea,1981-10-19
841163f61f164011ada98f4cd322a030,7a91ecfc0b64421d848a5491bc6e8636,1985-05-12
112afccdffb54134980718d8ef52cb1b,f4deffbd9aa5429db69581f8132f848e,1990-01-29
36a6491e23234f308f68109ced927093,5c311e79a45f48c2a746ff66884489da,1975-08-04
ff96b049280f4a70b62d25500704e5cf,7d066653263a4eec81846a7e78765ed1,1980-05-22
7764b29b0f1142b3afc9bdd915f60dfc,4fd948375e7a441f882f7a57196612c6,2018-06-02
8632c11ff8184ba98b3b89228121feef,77afcd76ec584c22b737946700516a34,1983-02-27
38c68b893a934d96a06b1399dc690b4a,be1258f9219c4c93b66f206088594146,1981-11-17
186bf50cbb714b05b42ef061ff2dc930,40f6921a00b044e99bff1190013816c9,1999-08-02
5c311e79a45f48c2a746ff66884489da,02b379d3f1f84357af448b71a7b704a0,1987-11-19
62748f79867d4c1daec86ebd027f8713,0920d37a891b4bcba41f5eecb9180652,1971-08-10
c24bfbb72997496aa4b2c071441f2510,6d633dde80e74a6883bb5d45dcb5432b,2015-05-09
ef17572876464d1c996025f7aced77c8,4accac8271f449cb93fc0a9125bf31ff,1987-08-12
a15d69138144485bbfb2c9577ee0bf1d,70d03a7954a741d096db308e54646311,2008-06-08
b914a6cc07b1434a834b6487538723f2,09a6763e89334573ab9e3040b845b475,2017-08-20
